Wavelength (nm,Intensity AC 1
194.9648667,1026.0
195.23630391108566,1026.0
195.50773147432525,994.0
195.77914938969263,989.0
196.0505576571618,1005.0
196.32195627670666,1076.0
196.59334524830112,1101.0
196.86472457191908,1096.0
197.13609424753452,1122.0
197.4074542751213,1129.0
197.67880465465336,1129.0
197.9501453861046,1124.0
198.221476469449,1133.0
198.49279790466042,1082.0
198.7641096917128,1104.0
199.03541183058002,1120.0
199.3067043212361,1147.0
199.5779871636549,1126.0
199.84926035781032,1129.0
200.12052390367631,1126.0
200.3917778012268,1134.0
200.66302205043567,1124.0
200.93425665127685,1155.0
201.20548160372428,1151.0
201.4766969077519,1130.0
201.74790256333358,1121.0
202.01909857044328,1125.0
202.29028492905485,1122.0
202.56146163914232,1160.0
202.83262870067955,1141.0
203.10378611364044,1153.0
203.37493387799896,1163.0
203.64607199372895,1164.0
203.91720046080442,1140.0
204.18831927919925,1138.0
204.45942844888737,1151.0
204.73052796984268,1157.0
205.0016178420391,1123.0
205.2726980654506,1140.0
205.54376864005107,1137.0
205.81482956581436,1158.0
206.08588084271452,1155.0
206.3569224707254,1164.0
206.6279544498209,1155.0
206.89897677997493,1160.0
207.1699894611615,1133.0
207.44099249335446,1144.0
207.71198587652776,1164.0
207.9829696106553,1162.0
208.25394369571094,1135.0
208.52490813166872,1155.0
208.79586291850254,1155.0
209.0668080561862,1152.0
209.33774354469375,1149.0
209.60866938399909,1141.0
209.87958557407612,1150.0
210.15049211489873,1148.0
210.42138900644082,1148.0
210.69227624867642,1141.0
210.96315384157936,1135.0
211.2340217851236,1156.0
211.504880079283,1113.0
211.77572872403158,1143.0
212.0465677193432,1145.0
212.31739706519178,1164.0
212.58821676155122,1138.0
212.8590268083955,1148.0
213.1298272056985,1127.0
213.40061795343414,1153.0
213.67139905157634,1133.0
213.94217050009902,1147.0
214.21293229897614,1125.0
214.48368444818158,1150.0
214.75442694768924,1130.0
215.0251597974731,1142.0
215.29588299750702,1165.0
215.56659654776496,1155.0
215.83730044822082,1117.0
216.10799469884853,1143.0
216.378679299622,1154.0
216.64935425051522,1175.0
216.92001955150198,1143.0
217.19067520255626,1143.0
217.46132120365203,1145.0
217.73195755476314,1149.0
218.00258425586358,1115.0
218.27320130692718,1146.0
218.54380870792792,1146.0
218.81440645883973,1179.0
219.0849945596365,1121.0
219.35557301029212,1149.0
219.6261418107806,1135.0
219.8967009610758,1154.0
220.16725046115164,1102.0
220.43779031098202,1144.0
220.70832051054094,1160.0
220.97884105980225,1129.0
221.2493519587399,1141.0
221.5198532073278,1150.0
221.79034480553983,1162.0
222.06082675335,1152.0
222.33129905073216,1125.0
222.60176169766024,1143.0
222.87221469410818,1142.0
223.14265804004987,1131.0
223.41309173545932,1117.0
223.6835157803103,1133.0
223.95393017457684,1147.0
224.22433491823284,1164.0
224.4947300112522,1147.0
224.76511545360884,1148.0
225.0354912452767,1154.0
225.3058573862297,1157.0
225.57621387644173,1130.0
225.84656071588677,1152.0
226.11689790453866,1135.0
226.3872254423714,1175.0
226.65754332935884,1126.0
226.92785156547495,1113.0
227.1981501506936,1118.0
227.46843908498877,1158.0
227.7387183683344,1156.0
228.0089880007043,1149.0
228.27924798207246,1130.0
228.54949831241277,1157.0
228.8197389916992,1130.0
229.08997001990565,1160.0
229.36019139700602,1133.0
229.63040312297423,1155.0
229.90060519778424,1125.0
230.17079762140995,1153.0
230.44098039382527,1144.0
230.71115351500407,1161.0
230.98131698492037,1152.0
231.25147080354805,1156.0
231.52161497086098,1127.0
231.79174948683314,1147.0
232.06187435143846,1122.0
232.33198956465083,1168.0
232.60209512644417,1172.0
232.87219103679237,1159.0
233.1422772956694,1122.0
233.41235390304922,1149.0
233.68242085890563,1140.0
233.95247816321262,1164.0
234.22252581594412,1155.0
234.49256381707403,1168.0
234.7625921665763,1125.0
235.0326108644248,1115.0
235.30261991059345,1113.0
235.57261930505626,1150.0
235.84260904778702,1130.0
236.11258913875972,1132.0
236.3825595779483,1141.0
236.65252036532667,1170.0
236.92247150086874,1142.0
237.19241298454838,1157.0
237.46234481633957,1131.0
237.73226699621623,1151.0
238.00217952415227,1147.0
238.27208240012158,1175.0
238.54197562409814,1124.0
238.8118591960558,1125.0
239.08173311596855,1130.0
239.3515973838103,1157.0
239.62145199955484,1141.0
239.89129696317627,1158.0
240.16113227464845,1137.0
240.43095793394528,1143.0
240.70077394104064,1124.0
240.97058029590852,1128.0
241.24037699852283,1131.0
241.51016404885752,1151.0
241.77994144688643,1111.0
242.04970919258346,1127.0
242.31946728592266,1129.0
242.58921572687785,1154.0
242.85895451542294,1116.0
243.12868365153196,1127.0
243.39840313517874,1131.0
243.66811296633722,1140.0
243.9378131449813,1121.0
244.2075036710849,1140.0
244.47718454462196,1147.0
244.74685576556644,1177.0
245.01651733389218,1116.0
245.28616924957313,1158.0
245.55581151258326,1140.0
245.82544412289644,1144.0
246.09506708048661,1129.0
246.36468038532763,1139.0
246.6342840373935,1126.0
246.9038780366581,1153.0
247.1734623830954,1111.0
247.44303707667922,1129.0
247.71260211738357,1149.0
247.98215750518236,1150.0
248.25170324004947,1143.0
248.5212393219588,1113.0
248.79076575088433,1141.0
249.06028252679997,1129.0
249.32978964967967,1142.0
249.59928711949726,1179.0
249.86877493622674,1143.0
250.13825309984196,1140.0
250.4077216103169,1117.0
250.67718046762548,1155.0
250.94662967174156,1170.0
251.21606922263916,1187.0
251.4854991202921,1119.0
251.75491936467432,1143.0
252.0243299557598,1144.0
252.29373089352242,1183.0
252.5631221779361,1160.0
252.83250380897474,1139.0
253.1018757866123,1125.0
253.37123811082267,1152.0
253.6405907815798,1127.0
253.9099337988576,1144.0
254.1792671626299,1140.0
254.4485908728708,1148.0
254.7179049295541,1132.0
254.98720933265372,1142.0
255.25650408214364,1142.0
255.52578917799767,1115.0
255.79506462018986,1116.0
256.06433040869405,1134.0
256.33358654348416,1139.0
256.60283302453416,1164.0
256.87206985181797,1145.0
257.1412970253095,1130.0
257.41051454498256,1135.0
257.6797224108112,1134.0
257.9489206227693,1123.0
258.2181091808308,1148.0
258.48728808496963,1152.0
258.7564573351596,1171.0
259.0256169313748,1140.0
259.2947668735891,1156.0
259.5639071617763,1146.0
259.83303779591046,1161.0
260.10215877596534,1128.0
260.37127010191506,1156.0
260.64037177373336,1123.0
260.90946379139433,1144.0
261.17854615487175,1111.0
261.4476188641396,1131.0
261.7166819191719,1136.0
261.98573531994236,1173.0
262.254779066425,1127.0
262.5238131585938,1117.0
262.7928375964225,1140.0
263.0618523798853,1156.0
263.33085750895583,1130.0
263.59985298360823,1151.0
263.86883880381635,1153.0
264.1378149695541,1161.0
264.40678148079536,1137.0
264.675738337514,1166.0
264.94468553968426,1155.0
265.2136230872796,1157.0
265.48255098027425,1122.0
265.75146921864206,1134.0
266.0203778023569,1106.0
266.28927673139276,1123.0
266.55816600572354,1111.0
266.8270456253231,1158.0
267.09591559016536,1148.0
267.3647759002244,1146.0
267.63362655547394,1125.0
267.90246755588805,1160.0
268.17129890144054,1165.0
268.4401205921055,1139.0
268.7089326278566,1125.0
268.9777350086678,1146.0
269.24652773451334,1113.0
269.5153108053667,1101.0
269.7840842212021,1099.0
270.0528479819934,1134.0
270.32160208771444,1144.0
270.5903465383392,1146.0
270.8590813338416,1143.0
271.12780647419555,1164.0
271.39652195937487,1146.0
271.6652277893537,1159.0
271.9339239641058,1123.0
272.2026104836051,1125.0
272.4712873478256,1113.0
272.73995455674117,1150.0
273.0086121103257,1149.0
273.2772600085531,1159.0
273.54589825139743,1119.0
273.8145268388324,1116.0
274.0831457708321,1117.0
274.3517550473704,1149.0
274.62035466842116,1126.0
274.88894463395843,1147.0
275.157524943956,1165.0
275.4260955983878,1169.0
275.69465659722783,1144.0
275.96320794045,1142.0
276.2317496280281,1124.0
276.50028165993626,1140.0
276.76880403614825,1132.0
277.03731675663806,1153.0
277.30581982137954,1114.0
277.57431323034666,1133.0
277.8427969835133,1147.0
278.11127108085344,1176.0
278.37973552234104,1099.0
278.64819030794985,1136.0
278.9166354376539,1140.0
279.18507091142715,1155.0
279.45349672924345,1124.0
279.7219128910767,1144.0
279.99031939690093,1124.0
280.25871624668997,1142.0
280.5271034404177,1135.0
280.79548097805815,1130.0
281.0638488595852,1135.0
281.33220708497277,1134.0
281.6005556541948,1125.0
281.86889456722514,1142.0
282.13722382403773,1138.0
282.4055434246065,1134.0
282.6738533689055,1122.0
282.9421536569084,1125.0
283.21044428858926,1122.0
283.47872526392206,1141.0
283.7469965828806,1110.0
284.015258245439,1161.0
284.2835102515709,1147.0
284.5517526012503,1150.0
284.81998529445127,1133.0
285.0882083311476,1150.0
285.35642171131326,1147.0
285.6246254349221,1145.0
285.89281950194817,1109.0
286.1610039123653,1125.0
286.42917866614744,1113.0
286.6973437632684,1149.0
286.9654992037023,1108.0
287.23364498742285,1133.0
287.5017811144041,1153.0
287.76990758462,1165.0
288.0380243980444,1120.0
288.3061315546512,1135.0
288.57422905441445,1144.0
288.84231689730785,1142.0
289.11039508330543,1111.0
289.37846361238127,1144.0
289.64652248450903,1137.0
289.91457169966276,1168.0
290.1826112578164,1135.0
290.4506411589439,1126.0
290.718661403019,1135.0
290.98667199001574,1149.0
291.2546729199081,1125.0
291.5226641926699,1128.0
291.79064580827514,1151.0
292.0586177666976,1167.0
292.3265800679113,1139.0
292.5945327118902,1157.0
292.8624756986082,1152.0
293.1304090280392,1163.0
293.39833270015714,1144.0
293.6662467149358,1133.0
293.93415107234927,1109.0
294.2020457723715,1145.0
294.46993081497624,1150.0
294.7378062001375,1131.0
295.00567192782927,1145.0
295.2735279980254,1149.0
295.5413744106997,1124.0
295.8092111658262,1130.0
296.07703826337894,1129.0
296.34485570333163,1164.0
296.6126634856583,1131.0
296.8804616103328,1134.0
297.1482500773291,1142.0
297.41602888662123,1145.0
297.68379803818294,1120.0
297.95155753198816,1128.0
298.21930736801085,1121.0
298.487047546225,1150.0
298.7547780666044,1141.0
299.0224989291231,1139.0
299.29021013375495,1146.0
299.55791168047386,1156.0
299.8256035692538,1141.0
300.09328580006866,1139.0
300.36095837289236,1130.0
300.6286212876987,1142.0
300.8962745444619,1122.0
301.1639181431556,1162.0
301.43155208375384,1126.0
301.6991763662305,1144.0
301.96679099055956,1115.0
302.2343959567149,1132.0
302.5019912646703,1142.0
302.76957691440003,1159.0
303.0371529058777,1137.0
303.3047192390773,1145.0
303.5722759139728,1132.0
303.8398229305381,1160.0
304.10736028874715,1140.0
304.37488798857385,1143.0
304.6424060299921,1141.0
304.9099144129758,1135.0
305.1774131374989,1120.0
305.4449022035354,1147.0
305.712381611059,1142.0
305.9798513600438,1152.0
306.2473114504638,1139.0
306.5147618822927,1153.0
306.7822026555046,1138.0
307.0496337700733,1136.0
307.3170552259727,1133.0
307.5844670231768,1161.0
307.8518691616595,1154.0
308.1192616413948,1143.0
308.38664446235646,1139.0
308.65401762451853,1147.0
308.9213811278549,1121.0
309.1887349723394,1123.0
309.45607915794614,1122.0
309.7234136846488,1143.0
309.9907385524215,1138.0
310.25805376123805,1140.0
310.52535931107235,1137.0
310.79265520189847,1157.0
311.0599414336902,1140.0
311.32721800642145,1161.0
311.5944849200662,1126.0
311.86174217459836,1134.0
312.12898976999185,1134.0
312.3962277062206,1156.0
312.66345598325853,1108.0
312.93067460107955,1139.0
313.19788355965755,1149.0
313.4650828589664,1153.0
313.7322724989802,1123.0
313.99945247967264,1124.0
314.26662280101783,1120.0
314.5337834629897,1142.0
314.800934465562,1151.0
315.0680758087088,1149.0
315.3352074924039,1137.0
315.60232951662135,1144.0
315.869441881335,1134.0
316.13654458651877,1125.0
316.4036376321465,1142.0
316.6707210181923,1172.0
316.93779474462997,1136.0
317.20485881143344,1128.0
317.4719132185766,1140.0
317.73895796603347,1156.0
318.00599305377784,1130.0
318.2730184817837,1121.0
318.5400342500249,1149.0
318.8070403584756,1162.0
319.07403680710945,1115.0
319.3410235959005,1133.0
319.6080007248226,1148.0
319.8749681938497,1168.0
320.14192600295576,1120.0
320.40887415211466,1127.0
320.6758126413003,1135.0
320.9427414704866,1155.0
321.20966063964755,1117.0
321.47657014875705,1129.0
321.743469997789,1134.0
322.0103601867173,1134.0
322.27724071551586,1104.0
322.5441115841586,1140.0
322.81097279261957,1113.0
323.07782434087244,1152.0
323.3446662288914,1135.0
323.6114984566502,1143.0
323.87832102412284,1135.0
324.1451339312832,1148.0
324.4119371781052,1129.0
324.6787307645628,1181.0
324.9455146906298,1144.0
325.2122889562803,1142.0
325.47905356148806,1139.0
325.7458085062271,1155.0
326.0125537904713,1110.0
326.2792894141946,1133.0
326.5460153773709,1113.0
326.8127316799741,1133.0
327.0794383219783,1130.0
327.3461353033571,1148.0
327.6128226240847,1127.0
327.8795002841348,1151.0
328.1461682834814,1139.0
328.4128266220986,1152.0
328.6794752999601,1106.0
328.9461143170399,1133.0
329.2127436733119,1133.0
329.47936336875,1153.0
329.7459734033282,1138.0
330.01257377702035,1133.0
330.27916448980034,1132.0
330.5457455416422,1152.0
330.8123169325198,1133.0
331.078878662407,1141.0
331.3454307312779,1124.0
331.6119731391061,1153.0
331.8785058858659,1114.0
332.14502897153085,1145.0
332.41154239607516,1118.0
332.6780461594726,1140.0
332.94454026169717,1133.0
333.2110247027227,1150.0
333.47749948252317,1132.0
333.74396460107255,1162.0
334.0104200583446,1147.0
334.2768658543135,1137.0
334.54330198895286,1125.0
334.80972846223676,1145.0
335.0761452741392,1115.0
335.342552424634,1132.0
335.608949913695,1134.0
335.8753377412963,1169.0
336.14171590741176,1138.0
336.40808441201517,1154.0
336.67444325508063,1121.0
336.9407924365819,1123.0
337.20713195649313,1127.0
337.4734618147879,1139.0
337.73978201144047,1105.0
338.0060925464246,1141.0
338.27239341971415,1132.0
338.5386846312832,1147.0
338.8049661811055,1127.0
339.0712380691551,1134.0
339.3375002954059,1117.0
339.60375285983173,1138.0
339.86999576240663,1140.0
340.13622900310435,1137.0
340.40245258189907,1106.0
340.6686664987645,1134.0
340.93487075367466,1134.0
341.20106534660334,1153.0
341.4672502775246,1143.0
341.7334255464124,1139.0
341.9995911532405,1135.0
342.2657470979829,1170.0
342.53189338061344,1121.0
342.7980300011063,1147.0
343.0641569594351,1147.0
343.3302742555738,1162.0
343.5963818894965,1115.0
343.862479861177,1143.0
344.12856817058923,1139.0
344.3946468177071,1144.0
344.6607158025046,1104.0
344.9267751249555,1132.0
345.19282478503396,1157.0
345.4588647827136,1148.0
345.7248951179686,1116.0
345.9909157907727,1126.0
346.25692680109995,1139.0
346.5229281489242,1145.0
346.78891983421937,1129.0
347.0549018569594,1167.0
347.3208742171182,1143.0
347.5868369146698,1155.0
347.8527899495879,1134.0
348.11873332184655,1141.0
348.38466703141967,1123.0
348.6505910782812,1126.0
348.916505462405,1126.0
349.182410183765,1129.0
349.44830524233515,1134.0
349.71419063808935,1153.0
349.98006637100156,1131.0
350.2459324410456,1169.0
350.5117888481955,1145.0
350.7776355924252,1164.0
351.04347267370844,1131.0
351.3093000920194,1125.0
351.57511784733174,1114.0
351.8409259396196,1137.0
352.1067243688567,1139.0
352.3725131350171,1163.0
352.63829223807465,1155.0
352.90406167800336,1168.0
353.16982145477704,1166.0
353.4355715683696,1167.0
353.7013120187552,1156.0
353.9670428059074,1166.0
354.2327639298004,1151.0
354.498475390408,1143.0
354.7641771877041,1122.0
355.0298693216627,1155.0
355.29555179225764,1136.0
355.5612245994629,1160.0
355.82688774325237,1155.0
356.0925412236,1152.0
356.35818504047967,1132.0
356.62381919386536,1153.0
356.8894436837309,1139.0
357.1550585100503,1145.0
357.42066367279745,1123.0
357.6862591719462,1136.0
357.95184500747064,1128.0
358.2174211793444,1136.0
358.48298768754177,1128.0
358.74854453203636,1138.0
359.0140917128022,1123.0
359.2796292298133,1148.0
359.5451570830435,1120.0
359.8106752724667,1160.0
360.0761837980568,1111.0
360.34168265978786,1137.0
360.60717185763355,1132.0
360.8726513915681,1142.0
361.1381212615652,1132.0
361.40358146759877,1150.0
361.66903200964293,1126.0
361.9344728876714,1162.0
362.1999041016582,1146.0
362.4653256515772,1162.0
362.7307375374024,1121.0
362.99613975910756,1148.0
363.2615323166668,1120.0
363.52691521005386,1115.0
363.7922884392428,1111.0
364.05765200420745,1151.0
364.32300590492173,1150.0
364.58835014135974,1147.0
364.85368471349506,1127.0
365.119009621302,1144.0
365.3843248647541,1156.0
365.6496304438256,1159.0
365.9149263584902,1123.0
366.18021260872194,1143.0
366.4454891944947,1147.0
366.7107561157824,1171.0
366.97601337255895,1141.0
367.24126096479824,1159.0
367.5064988924744,1124.0
367.77172715556105,1130.0
368.0369457540323,1121.0
368.30215468786196,1121.0
368.56735395702407,1125.0
368.83254356149246,1149.0
369.097723501241,1133.0
369.36289377624377,1132.0
369.62805438647456,1123.0
369.8932053319074,1160.0
370.1583466125161,1125.0
370.42347822827463,1140.0
370.6886001791569,1121.0
370.9537124651368,1156.0
371.2188150861884,1136.0
371.48390804228535,1146.0
371.7489913334019,1134.0
372.0140649595116,1130.0
372.2791289205887,1123.0
372.5441832166069,1122.0
372.8092278475403,1126.0
373.0742628133627,1149.0
373.339288114048,1113.0
373.6043037495702,1138.0
373.86930971990313,1127.0
374.1343060250209,1146.0
374.3992926648972,1111.0
374.664269639506,1132.0
374.9292369488214,1140.0
375.1941945928171,1137.0
375.45914257146717,1146.0
375.7240808847453,1175.0
375.98900953262586,1147.0
376.25392851508224,1143.0
376.5188378320887,1123.0
376.78373748361906,1143.0
377.0486274696473,1134.0
377.31350779014724,1141.0
377.57837844509277,1112.0
377.84323943445804,1104.0
378.10809075821663,1106.0
378.37293241634285,1132.0
378.6377644088103,1116.0
378.90258673559305,1148.0
379.167399396665,1132.0
379.4322023920001,1132.0
379.69699572157214,1132.0
379.9617793853551,1147.0
380.22655338332305,1139.0
380.4913177154497,1145.0
380.7560723817092,1120.0
381.0208173820751,1147.0
381.2855527165217,1133.0
381.55027838502275,1155.0
381.81499438755225,1119.0
382.0797007240839,1145.0
382.34439739459185,1158.0
382.60908439905006,1161.0
382.8737617374322,1128.0
383.1384294097124,1144.0
383.4030874158645,1143.0
383.66773575586234,1138.0
383.93237442968007,1115.0
384.1970034372913,1127.0
384.46162277867035,1132.0
384.7262324537907,1152.0
384.99083246262666,1140.0
385.2554228051518,1153.0
385.5200034813403,1132.0
385.78457449116604,1164.0
386.0491358346028,1117.0
386.31368751162466,1130.0
386.5782295222054,1125.0
386.8427618663191,1138.0
387.1072845439395,1109.0
387.37179755504076,1134.0
387.63630089959645,1139.0
387.9007945775808,1151.0
388.1652785889676,1122.0
388.4297529337308,1128.0
388.69421761184435,1118.0
388.95867262328204,1147.0
389.223117968018,1113.0
389.48755364602596,1127.0
389.7519796572799,1147.0
390.0163960017538,1136.0
390.28080267942147,1132.0
390.545199690257,1160.0
390.809587034234,1141.0
391.0739647113268,1156.0
391.33833272150906,1141.0
391.60269106475477,1169.0
391.86703974103773,1118.0
392.13137875033203,1133.0
392.3957080926116,1108.0
392.6600277678502,1140.0
392.92433777602184,1135.0
393.18863811710037,1127.0
393.4529287910599,1134.0
393.7172097978741,1147.0
393.98148113751716,1138.0
394.24574280996274,1160.0
394.50999481518494,1122.0
394.77423715315757,1137.0
395.0384698238546,1156.0
395.30269282725,1177.0
395.5669061633175,1140.0
395.8311098320313,1144.0
396.09530383336505,1121.0
396.35948816729285,1143.0
396.6236628337886,1114.0
396.8878278328262,1141.0
397.1519831643795,1140.0
397.4161288284224,1130.0
397.6802648249291,1107.0
397.94439115387314,1140.0
398.2085078152287,1143.0
398.4726148089696,1159.0
398.7367121350698,1128.0
399.0007997935031,1145.0
399.2648777842436,1143.0
399.52894610726514,1138.0
399.7930047625416,1133.0
400.05705375004703,1137.0
400.3210930697551,1127.0
400.58512272164006,1140.0
400.8491427056755,1143.0
401.11315302183556,1142.0
401.3771536700941,1126.0
401.6411446504251,1130.0
401.9051259628023,1121.0
402.1690976071997,1154.0
402.43305958359144,1145.0
402.69701189195115,1149.0
402.96095453225286,1114.0
403.22488750447053,1162.0
403.48881080857797,1178.0
403.75272444454924,1138.0
404.0166284123581,1100.0
404.2805227119787,1120.0
404.54440734338465,1134.0
404.80828230655015,1127.0
405.072147601449,1112.0
405.336003228055,1141.0
405.59984918634234,1125.0
405.8636854762848,1142.0
406.12751209785625,1128.0
406.3913290510306,1157.0
406.655136335782,1129.0
406.91893395208405,1123.0
407.18272189991086,1113.0
407.4465001792363,1103.0
407.7102687900344,1113.0
407.97402773227884,1143.0
408.23777700594377,1139.0
408.50151661100296,1167.0
408.76524654743037,1148.0
409.0289668152,1156.0
409.29267741428566,1115.0
409.55637834466137,1139.0
409.820069606301,1136.0
410.08375119917844,1140.0
410.3474231232677,1133.0
410.61108537854255,1126.0
410.8747379649771,1139.0
411.13838088254505,1137.0
411.40201413122054,1133.0
411.66563771097736,1150.0
411.92925162178943,1134.0
412.19285586363077,1148.0
412.4564504364752,1125.0
412.72003534029665,1120.0
412.98361057506906,1132.0
413.24717614076644,1133.0
413.51073203736246,1121.0
413.77427826483125,1132.0
414.03781482314673,1123.0
414.3013417122828,1133.0
414.5648589322133,1093.0
414.82836648291226,1122.0
415.0918643643535,1132.0
415.35535257651094,1141.0
415.6188311193587,1119.0
415.8822999928703,1146.0
416.14575919702,1143.0
416.40920873178175,1119.0
416.67264859712924,1125.0
416.9360787930365,1134.0
417.19949931947735,1121.0
417.46291017642596,1149.0
417.726311363856,1128.0
417.9897028817416,1151.0
418.2530847300564,1140.0
418.5164569087745,1147.0
418.77981941786993,1127.0
419.0431722573164,1141.0
419.3065154270879,1132.0
419.5698489271584,1137.0
419.8331727575018,1130.0
420.09648691809195,1133.0
420.3597914089029,1123.0
420.62308622990844,1118.0
420.88637138108254,1118.0
421.14964686239915,1147.0
421.4129126738321,1135.0
421.6761688153555,1153.0
421.939415286943,1132.0
422.2026520885688,1140.0
422.46587922020655,1136.0
422.7290966818304,1129.0
422.99230447341415,1136.0
423.2555025949317,1129.0
423.5186910463571,1128.0
423.78186982766414,1148.0
424.04503893882685,1107.0
424.308198379819,1114.0
424.57134815061465,1133.0
424.8344882511876,1145.0
425.09761868151185,1136.0
425.3607394415614,1132.0
425.62385053131,1121.0
425.88695195073166,1133.0
426.1500436998002,1118.0
426.4131257784898,1141.0
426.67619818677406,1134.0
426.9392609246271,1147.0
427.20231399202277,1130.0
427.46535738893505,1151.0
427.7283911153378,1138.0
427.99141517120495,1169.0
428.25442955651044,1140.0
428.5174342712281,1152.0
428.78042931533207,1131.0
429.043414688796,1149.0
429.306390391594,1131.0
429.5693564236999,1140.0
429.83231278508765,1123.0
430.0952594757312,1130.0
430.3581964956044,1112.0
430.6211238446813,1143.0
430.8840415229356,1131.0
431.14694953034143,1163.0
431.40984786687255,1123.0
431.672736532503,1148.0
431.9356155272067,1124.0
432.19848485095747,1129.0
432.4613445037294,1109.0
432.7241944854961,1117.0
432.9870347962319,1121.0
433.24986543591035,1170.0
433.5126864045056,1119.0
433.7754977019915,1136.0
434.03829932834196,1132.0
434.3010912835309,1149.0
434.56387356753226,1128.0
434.82664618032004,1175.0
435.08940912186785,1121.0
435.35216239215003,1122.0
435.6149059911402,1111.0
435.8776399188124,1132.0
436.1403641751406,1139.0
436.40307876009854,1154.0
436.6657836736603,1125.0
436.9284789157997,1143.0
437.19116448649083,1118.0
437.45384038570734,1141.0
437.71650661342346,1112.0
437.97916316961283,1135.0
438.2418100542496,1131.0
438.5044472673075,1138.0
438.7670748087606,1127.0
439.02969267858265,1152.0
439.2923008767477,1129.0
439.5548994032297,1140.0
439.8174882580024,1126.0
440.08006744103994,1132.0
440.34263695231607,1143.0
440.6051967918048,1150.0
440.86774695948003,1123.0
441.1302874553157,1156.0
441.3928182792857,1153.0
441.6553394313638,1143.0
441.9178509115243,1111.0
442.1803527197407,1134.0
442.44284485598723,1142.0
442.70532732023764,1138.0
442.9678001124659,1117.0
443.23026323264594,1145.0
443.4927166807517,1150.0
443.75516045675704,1153.0
444.0175945606359,1128.0
444.28001899236233,1145.0
444.54243375191004,1117.0
444.804838839253,1126.0
445.06723425436525,1097.0
445.3296199972206,1116.0
445.59199606779305,1125.0
445.8543624660564,1138.0
446.11671919198477,1117.0
446.37906624555177,1157.0
446.64140362673163,1135.0
446.9037313354981,1146.0
447.16604937182507,1121.0
447.42835773568675,1136.0
447.69065642705664,1116.0
447.952945445909,1154.0
448.2152247922175,1135.0
448.4774944659563,1154.0
448.73975446709903,1141.0
449.00200479562,1150.0
449.2642454514927,1125.0
449.5264764346913,1139.0
449.7886977451897,1123.0
450.0509093829618,1155.0
450.3131113479816,1108.0
450.57530364022284,1138.0
450.8374862596596,1133.0
451.0996592062656,1138.0
451.36182248001506,1126.0
451.6239760808816,1153.0
451.88612000883927,1132.0
452.1482542638621,1140.0
452.41037884592384,1137.0
452.6724937549986,1158.0
452.93459899106,1117.0
453.1966945540823,1139.0
453.4587804440391,1123.0
453.72085666090453,1134.0
453.98292320465254,1138.0
454.2449800752568,1137.0
454.5070272726916,1111.0
454.7690647969305,1114.0
455.03109264794773,1130.0
455.2931108257169,1129.0
455.5551193302122,1105.0
455.81711816140734,1136.0
456.0791073192763,1114.0
456.3410868037932,1124.0
456.6030566149317,1107.0
456.8650167526659,1126.0
457.1269672169695,1119.0
457.3889080078167,1147.0
457.6508391251812,1119.0
457.91276056903706,1144.0
458.17467233935804,1134.0
458.4365744361182,1148.0
458.6984668592915,1121.0
458.96034960885163,1121.0
459.2222226847728,1127.0
459.4840860870287,1156.0
459.74593981559343,1114.0
460.0077838704407,1140.0
460.26961825154456,1138.0
460.531442958879,1144.0
460.7932579924178,1112.0
461.05506335213505,1125.0
461.3168590380044,1123.0
461.57864505000003,1175.0
461.8404213880957,1117.0
462.1021880522655,1138.0
462.36394504248307,1126.0
462.6256923587226,1146.0
462.8874300009579,1148.0
463.1491579691629,1135.0
463.4108762633116,1121.0
463.6725848833777,1138.0
463.9342838293354,1136.0
464.19597310115836,1140.0
464.4576526988207,1129.0
464.7193226222962,1151.0
464.9809828715588,1162.0
465.2426334465826,1170.0
465.5042743473413,1111.0
465.76590557380894,1117.0
466.02752712595935,1097.0
466.2891390037666,1131.0
466.5507412072044,1121.0
466.8123337362468,1126.0
467.0739165908677,1099.0
467.33548977104107,1127.0
467.5970532767408,1113.0
467.8586071079407,1142.0
468.1201512646149,1127.0
468.3816857467371,1139.0
468.6432105542814,1165.0
468.90472568722157,1174.0
469.1662311455315,1133.0
469.4277269291855,1156.0
469.689213038157,1133.0
469.9506894724202,1127.0
470.2121562319489,1127.0
470.4736133167171,1139.0
470.73506072669863,1116.0
470.9964984618676,1122.0
471.2579265221976,1126.0
471.5193449076628,1147.0
471.78075361823716,1125.0
472.0421526538944,1102.0
472.30354201460864,1095.0
472.5649217003536,1127.0
472.8262917111034,1118.0
473.08765204683175,1128.0
473.34900270751274,1131.0
473.6103436931203,1134.0
473.8716750036281,1125.0
474.1329966390105,1127.0
474.394308599241,1109.0
474.6556108842938,1144.0
474.91690349414256,1158.0
475.1781864287615,1169.0
475.43945968812426,1116.0
475.70072327220487,1134.0
475.9619771809774,1128.0
476.2232214144155,1130.0
476.4844559724933,1112.0
476.7456808551846,1144.0
477.00689606246345,1133.0
477.2681015943036,1138.0
477.5292974506791,1137.0
477.7904836315638,1143.0
478.0516601369316,1129.0
478.3128269667566,1151.0
478.5739841210125,1139.0
478.83513159967333,1161.0
479.09626940271295,1123.0
479.3573975301054,1104.0
479.6185159818244,1109.0
479.879624757844,1137.0
480.1407238581382,1104.0
480.4018132826808,1137.0
480.6628930314457,1120.0
480.9239631044069,1138.0
481.1850235015383,1130.0
481.44607422281376,1142.0
481.70711526820736,1107.0
481.96814663769277,1151.0
482.229168331244,1153.0
482.4901803488352,1124.0
482.75118269044,1121.0
483.01217535603257,1134.0
483.2731583455865,1149.0
483.534131659076,1154.0
483.79509529647487,1118.0
484.056049257757,1152.0
484.3169935428964,1147.0
484.5779281518669,1159.0
484.83885308464255,1120.0
485.09976834119715,1144.0
485.3606739215047,1117.0
485.621569825539,1128.0
485.88245605327415,1106.0
486.1433326046839,1125.0
486.40419947974215,1143.0
486.6650566784231,1152.0
486.92590420070036,1125.0
487.18674204654803,1145.0
487.4475702159399,1139.0
487.70838870885,1112.0
487.96919752525224,1115.0
488.2299966651205,1158.0
488.4907861284287,1150.0
488.75156591515065,1157.0
489.0123360252606,1125.0
489.2730964587321,1106.0
489.5338472155393,1115.0
489.794588295656,1146.0
490.05531969905627,1122.0
490.3160414257139,1135.0
490.57675347560286,1131.0
490.83745584869695,1146.0
491.0981485449702,1123.0
491.3588315643966,1137.0
491.6195049069499,1133.0
491.88016857260425,1142.0
492.1408225613333,1108.0
492.4014668731112,1127.0
492.6621015079117,1134.0
492.92272646570876,1138.0
493.18334174647646,1135.0
493.44394735018847,1161.0
493.7045432768189,1133.0
493.9651295263416,1114.0
494.2257060987305,1137.0
494.48627299395946,1152.0
494.7468302120026,1128.0
495.00737775283346,1127.0
495.2679156164263,1113.0
495.528443802755,1121.0
495.7889623117933,1110.0
496.0494711435153,1139.0
496.30997029789484,1112.0
496.57045977490594,1140.0
496.8309395745223,1119.0
497.0914096967181,1148.0
497.3518701414669,1132.0
497.612320908743,1148.0
497.8727619985203,1133.0
498.1331934107724,1142.0
498.3936151454735,1123.0
498.65402720259743,1134.0
498.91442958211815,1119.0
499.17482228400945,1156.0
499.4352053082453,1109.0
499.6955786547999,1128.0
499.9559423236467,1129.0
500.2162963147601,1130.0
500.47664062811356,1102.0
500.7369752636813,1134.0
500.9973002214371,1133.0
501.257615501355,1127.0
501.5179211034088,1134.0
501.77821702757245,1155.0
502.03850327381997,1131.0
502.29877984212516,1142.0
502.5590467324621,1121.0
502.81930394480446,1138.0
503.0795514791264,1118.0
503.3397893354016,1130.0
503.60001751360426,1123.0
503.860236013708,1122.0
504.12044483568695,1142.0
504.3806439795151,1130.0
504.6408334451661,1087.0
504.90101323261416,1111.0
505.16118334183295,1102.0
505.42134377279655,1142.0
505.68149452547874,1117.0
505.9416355998535,1135.0
506.20176699589496,1121.0
506.4618887135767,1145.0
506.7220007528729,1118.0
506.98210311375726,1150.0
507.242195796204,1112.0
507.5022788001867,1147.0
507.7623521256795,1113.0
508.0224157726562,1125.0
508.2824697410907,1138.0
508.5425140309572,1171.0
508.80254864222934,1126.0
509.0625735748812,1146.0
509.3225888288864,1140.0
509.5825944042193,1128.0
509.8425903008535,1108.0
510.10257651876304,1122.0
510.3625530579218,1097.0
510.6225199183036,1136.0
510.8824770998827,1120.0
511.1424246026326,1143.0
511.4023624265276,1140.0
511.6622905715413,1127.0
511.9222090376479,1107.0
512.182117824821,1147.0
512.4420169330348,1129.0
512.7019063622631,1124.0
512.9617861124799,1119.0
513.2216561836591,1144.0
513.4815165757743,1171.0
513.7413672888,1142.0
514.0012083227098,1124.0
514.2610396774775,1120.0
514.5208613530772,1110.0
514.7806733494828,1144.0
515.0404756666682,1129.0
515.3002683046072,1101.0
515.5600512632741,1126.0
515.8198245426423,1150.0
516.0795881426862,1118.0
516.3393420633794,1129.0
516.5990863046959,1124.0
516.8588208666097,1129.0
517.1185457490944,1135.0
517.3782609521246,1141.0
517.6379664756736,1133.0
517.8976623197156,1153.0
518.1573484842243,1115.0
518.4170249691738,1136.0
518.676691774538,1129.0
518.9363489002908,1146.0
519.1959963464061,1133.0
519.4556341128579,1124.0
519.7152621996202,1121.0
519.9748806066664,1139.0
520.2344893339712,1094.0
520.4940883815078,1127.0
520.7536777492506,1130.0
521.0132574371734,1117.0
521.27282744525,1113.0
521.5323877734545,1137.0
521.7919384217606,1126.0
522.0514793901424,1132.0
522.3110106785737,1122.0
522.5705322870288,1141.0
522.8300442154809,1146.0
523.0895464639045,1151.0
523.3490390322734,1119.0
523.6085219205612,1135.0
523.8679951287423,1131.0
524.1274586567904,1160.0
524.3869125046795,1138.0
524.6463566723833,1146.0
524.9057911598759,1118.0
525.1652159671312,1119.0
525.424631094123,1112.0
525.6840365408256,1129.0
525.9434323072122,1133.0
526.2028183932575,1161.0
526.462194798935,1105.0
526.7215615242187,1144.0
526.9809185690825,1113.0
527.2402659335005,1112.0
527.4996036174464,1109.0
527.758931620894,1127.0
528.0182499438176,1128.0
528.2775585861909,1133.0
528.5368575479879,1098.0
528.7961468291822,1138.0
529.0554264297483,1137.0
529.3146963496596,1127.0
529.5739565888904,1101.0
529.8332071474143,1127.0
530.0924480252053,1120.0
530.3516792222375,1143.0
530.6109007384848,1128.0
530.8701125739209,1157.0
531.1293147285198,1129.0
531.3885072022557,1142.0
531.647689995102,1110.0
531.906863107033,1121.0
532.1660265380227,1138.0
532.4251802880447,1151.0
532.684324357073,1141.0
532.9434587450817,1167.0
533.2025834520446,1132.0
533.4616984779356,1133.0
533.7208038227286,1100.0
533.9798994863976,1122.0
534.2389854689164,1115.0
534.4980617702593,1123.0
534.7571283903995,1129.0
535.0161853293118,1147.0
535.2752325869694,1127.0
535.5342701633466,1130.0
535.7932980584171,1111.0
536.0523162721549,1131.0
536.3113248045341,1125.0
536.5703236555283,1142.0
536.8293128251117,1134.0
537.0882923132581,1150.0
537.3472621199415,1104.0
537.6062222451357,1112.0
537.8651726888147,1123.0
538.1241134509522,1148.0
538.3830445315224,1140.0
538.6419659304993,1156.0
538.9008776478564,1115.0
539.1597796835681,1137.0
539.4186720376078,1135.0
539.6775547099501,1157.0
539.9364277005683,1122.0
540.1952910094366,1145.0
540.4541446365288,1137.0
540.7129885818188,1136.0
540.9718228452808,1102.0
541.2306474268884,1129.0
541.4894623266158,1135.0
541.7482675444367,1129.0
542.0070630803251,1123.0
542.2658489342549,1140.0
542.5246251062,1119.0
542.7833915961344,1159.0
543.0421484040319,1117.0
543.3008955298666,1136.0
543.5596329736122,1123.0
543.8183607352429,1129.0
544.0770788147322,1130.0
544.3357872120545,1137.0
544.5944859271833,1122.0
544.8531749600928,1137.0
545.1118543107568,1116.0
545.3705239791493,1136.0
545.6291839652442,1104.0
545.8878342690153,1127.0
546.1464748904368,1112.0
546.4051058294822,1134.0
546.6637270861258,1122.0
546.9223386603413,1140.0
547.1809405521027,1124.0
547.439532761384,1131.0
547.6981152881589,1115.0
547.9566881324016,1131.0
548.2152512940858,1127.0
548.4738047731855,1132.0
548.7323485696745,1103.0
548.990882683527,1141.0
549.2494071147166,1120.0
549.5079218632175,1122.0
549.7664269290035,1118.0
550.0249223120484,1142.0
550.2834080123264,1117.0
550.5418840298111,1143.0
550.8003503644767,1119.0
551.0588070162968,1110.0
551.3172539852457,1105.0
551.575691271297,1107.0
551.8341188744248,1107.0
552.0925367946031,1147.0
552.3509450318055,1110.0
552.6093435860063,1145.0
552.8677324571792,1139.0
553.1261116452981,1146.0
553.3844811503369,1110.0
553.6428409722696,1129.0
553.9011911110703,1113.0
554.1595315667125,1136.0
554.4178623391706,1114.0
554.6761834284181,1131.0
554.9344948344292,1121.0
555.1927965571775,1115.0
555.4510885966374,1111.0
555.7093709527825,1133.0
555.9676436255867,1135.0
556.2259066150241,1159.0
556.4841599210683,1122.0
556.7424035436937,1136.0
557.0006374828738,1141.0
557.2588617385828,1170.0
557.5170763107943,1096.0
557.7752811994826,1122.0
558.0334764046214,1121.0
558.2916619261845,1122.0
558.5498377641462,1126.0
558.80800391848,1147.0
559.0661603891602,1139.0
559.3243071761603,1133.0
559.5824442794548,1111.0
559.840571699017,1122.0
560.0986894348212,1118.0
560.3567974868413,1119.0
560.6148958550509,1113.0
560.8729845394244,1133.0
561.1310635399352,1104.0
561.3891328565578,1119.0
561.6471924892656,1121.0
561.905242438033,1126.0
562.1632827028335,1130.0
562.4213132836411,1164.0
562.6793341804299,1127.0
562.9373453931737,1159.0
563.1953469218464,1123.0
563.453338766422,1125.0
563.7113209268744,1132.0
563.9692934031774,1140.0
564.227256195305,1107.0
564.4852093032314,1121.0
564.7431527269299,1093.0
565.001086466375,1137.0
565.2590105215404,1129.0
565.5169248924001,1130.0
565.7748295789277,1096.0
566.0327245810976,1155.0
566.2906098988833,1117.0
566.548485532259,1119.0
566.8063514811985,1097.0
567.0642077456757,1105.0
567.3220543256646,1101.0
567.5798912211391,1117.0
567.837718432073,1100.0
568.0955359584403,1131.0
568.3533438002152,1125.0
568.611141957371,1116.0
568.8689304298823,1105.0
569.1267092177226,1134.0
569.3844783208658,1108.0
569.6422377392861,1141.0
569.8999874729572,1129.0
570.1577275218531,1131.0
570.4154578859476,1133.0
570.6731785652148,1151.0
570.9308895596286,1103.0
571.1885908691628,1128.0
571.4462824937914,1129.0
571.7039644334882,1136.0
571.9616366882275,1090.0
572.2192992579826,1121.0
572.476952142728,1110.0
572.7345953424373,1137.0
572.9922288570845,1096.0
573.2498526866435,1118.0
573.5074668310882,1116.0
573.7650712903927,1126.0
574.0226660645308,1106.0
574.2802511534762,1139.0
574.5378265572032,1127.0
574.7953922756855,1124.0
575.052948308897,1112.0
575.3104946568117,1119.0
575.5680313194036,1110.0
575.8255582966464,1141.0
576.0830755885142,1109.0
576.3405831949808,1139.0
576.5980811160204,1138.0
576.8555693516065,1119.0
577.1130479017132,1115.0
577.3705167663146,1119.0
577.6279759453844,1109.0
577.8854254388966,1131.0
578.142865246825,1122.0
578.4002953691438,1137.0
578.6577158058266,1131.0
578.9151265568477,1140.0
579.1725276221805,1110.0
579.4299190017991,1133.0
579.6873006956779,1130.0
579.9446727037903,1124.0
580.2020350261104,1107.0
580.4593876626119,1134.0
580.7167306132691,1127.0
580.9740638780556,1130.0
581.2313874569455,1101.0
581.4887013499127,1130.0
581.746005556931,1118.0
582.0033000779746,1133.0
582.2605849130169,1137.0
582.5178600620325,1112.0
582.7751255249948,1107.0
583.0323813018779,1112.0
583.2896273926557,1096.0
583.546863797302,1114.0
583.804090515791,1105.0
584.0613075480965,1119.0
584.3185148941924,1124.0
584.5757125540524,1146.0
584.8329005276508,1131.0
585.0900788149613,1134.0
585.347247415958,1095.0
585.6044063306146,1137.0
585.8615555589049,1119.0
586.1186951008033,1145.0
586.3758249562833,1111.0
586.632945125319,1128.0
586.8900556078843,1131.0
587.1471564039532,1136.0
587.4042475134993,1117.0
587.661328936497,1113.0
587.9184006729198,1130.0
588.1754627227418,1134.0
588.432515085937,1099.0
588.6895577624791,1110.0
588.9465907523424,1111.0
589.2036140555003,1137.0
589.4606276719271,1117.0
589.7176316015966,1135.0
589.9746258444826,1128.0
590.2316104005595,1170.0
590.4885852698005,1149.0
590.7455504521802,1136.0
591.0025059476719,1117.0
591.25945175625,1135.0
591.5163878778883,1107.0
591.7733143125605,1133.0
592.0302310602409,1112.0
592.287138120903,1119.0
592.5440354945212,1108.0
592.8009231810688,1155.0
593.0578011805203,1143.0
593.3146694928492,1125.0
593.5715281180298,1097.0
593.8283770560358,1130.0
594.0852163068412,1140.0
594.3420458704198,1153.0
594.5988657467456,1114.0
594.8556759357925,1142.0
595.1124764375345,1135.0
595.3692672519454,1113.0
595.626048378999,1103.0
595.8828198186698,1144.0
596.1395815709309,1112.0
596.3963336357567,1123.0
596.6530760131212,1113.0
596.9098087029981,1121.0
597.1665317053615,1107.0
597.423245020185,1142.0
597.6799486474431,1104.0
597.9366425871091,1114.0
598.1933268391572,1125.0
598.4500014035611,1111.0
598.7066662802952,1085.0
598.963321469333,1091.0
599.2199669706486,1116.0
599.4766027842159,1139.0
599.7332289100086,1108.0
599.989845348001,1145.0
600.2464520981667,1092.0
600.50304916048,1100.0
600.7596365349144,1098.0
601.016214221444,1147.0
601.2727822200426,1138.0
601.5293405306844,1143.0
601.7858891533431,1090.0
602.0424280879928,1130.0
602.2989573346072,1123.0
602.5554768931602,1134.0
602.8119867636259,1146.0
603.0684869459783,1133.0
603.324977440191,1116.0
603.5814582462382,1126.0
603.8379293640936,1102.0
604.0943907937313,1113.0
604.3508425351251,1140.0
604.6072845882491,1146.0
604.8637169530771,1128.0
605.1201396295828,1173.0
605.3765526177406,1138.0
605.6329559175239,1133.0
605.8893495289071,1107.0
606.1457334518637,1131.0
606.402107686368,1148.0
606.6584722323936,1139.0
606.9148270899146,1121.0
607.1711722589049,1116.0
607.4275077393385,1100.0
607.6838335311891,1134.0
607.9401496344307,1115.0
608.1964560490374,1138.0
608.4527527749826,1127.0
608.709039812241,1123.0
608.965317160786,1115.0
609.2215848205915,1147.0
609.4778427916317,1131.0
609.7340910738803,1120.0
609.9903296673115,1095.0
610.2465585718988,1118.0
610.5027777876164,1118.0
610.7589873144382,1139.0
611.0151871523381,1121.0
611.2713773012898,1122.0
611.5275577612676,1149.0
611.7837285322452,1163.0
612.0398896141965,1126.0
612.2960410070956,1151.0
612.5521827109162,1130.0
612.8083147256325,1153.0
613.064437051218,1123.0
613.3205496876468,1114.0
613.5766526348931,1120.0
613.8327458929305,1129.0
614.0888294617331,1098.0
614.3449033412746,1122.0
614.6009675315292,1109.0
614.8570220324707,1119.0
615.1130668440729,1124.0
615.3691019663097,1115.0
615.6251273991553,1108.0
615.8811431425835,1109.0
616.137149196568,1090.0
616.3931455610831,1113.0
616.6491322361024,1099.0
616.9051092216001,1143.0
617.1610765175498,1125.0
617.4170341239256,1135.0
617.6729820407014,1116.0
617.9289202678511,1132.0
618.1848488053488,1098.0
618.440767653168,1115.0
618.696676811283,1125.0
618.9525762796677,1148.0
619.2084660582959,1135.0
619.4643461471414,1144.0
619.7202165461782,1124.0
619.9760772553806,1131.0
620.2319282747219,1121.0
620.4877696041765,1122.0
620.7436012437181,1129.0
620.9994231933207,1105.0
621.255235452958,1090.0
621.5110380226043,1118.0
621.7668309022332,1114.0
622.0226140918188,1131.0
622.278387591335,1118.0
622.5341514007556,1115.0
622.7899055200547,1122.0
623.045649949206,1156.0
623.3013846881836,1107.0
623.5571097369614,1130.0
623.8128250955133,1096.0
624.0685307638131,1117.0
624.3242267418348,1101.0
624.5799130295525,1138.0
624.8355896269397,1137.0
625.091256533971,1138.0
625.3469137506196,1111.0
625.6025612768598,1124.0
625.8581991126655,1117.0
626.1138272580104,1148.0
626.3694457128687,1098.0
626.6250544772142,1114.0
626.8806535510208,1111.0
627.1362429342624,1128.0
627.3918226269132,1113.0
627.6473926289466,1155.0
627.902952940337,1145.0
628.1585035610578,1140.0
628.4140444910835,1114.0
628.6695757303878,1122.0
628.9250972789445,1098.0
629.1806091367276,1121.0
629.4361113037111,1093.0
629.6916037798688,1113.0
629.9470865651747,1125.0
630.2025596596026,1148.0
630.4580230631265,1131.0
630.7134767757203,1115.0
630.9689207973582,1114.0
631.2243551280136,1133.0
631.4797797676608,1104.0
631.7351947162736,1118.0
631.990599973826,1108.0
632.2459955402916,1129.0
632.5013814156447,1119.0
632.7567575998592,1121.0
633.0121240929087,1130.0
633.2674808947676,1130.0
633.5228280054093,1094.0
633.778165424808,1124.0
634.0334931529377,1119.0
634.2888111897721,1147.0
634.5441195352853,1113.0
634.799418189451,1125.0
635.0547071522435,1125.0
635.3099864236362,1136.0
635.5652560036036,1115.0
635.8205158921191,1134.0
636.0757660891571,1120.0
636.3310065946911,1141.0
636.5862374086953,1101.0
636.8414585311433,1111.0
637.0966699620094,1094.0
637.3518717012673,1110.0
637.6070637488909,1121.0
637.8622461048542,1118.0
638.1174187691312,1123.0
638.3725817416956,1126.0
638.6277350225216,1111.0
638.8828786115829,1121.0
639.1380125088535,1129.0
639.3931367143072,1155.0
639.6482512279183,1128.0
639.9033560496601,1144.0
640.1584511795071,1123.0
640.4135366174329,1145.0
640.6686123634116,1113.0
640.923678417417,1122.0
641.1787347794229,1121.0
641.4337814494036,1113.0
641.6888184273325,1101.0
641.9438457131841,1157.0
642.1988633069319,1123.0
642.45387120855,1122.0
642.7088694180123,1108.0
642.9638579352927,1151.0
643.218836760365,1139.0
643.4738058932032,1132.0
643.7287653337813,1118.0
643.9837150820732,1122.0
644.2386551380529,1105.0
644.4935855016939,1143.0
644.7485061729708,1129.0
645.0034171518569,1127.0
645.2583184383263,1115.0
645.5132100323532,1139.0
645.7680919339113,1117.0
646.0229641429745,1170.0
646.2778266595167,1139.0
646.532679483512,1118.0
646.787522614934,1102.0
647.0423560537569,1114.0
647.2971797999546,1078.0
647.5519938535008,1101.0
647.8067982143697,1117.0
648.061592882535,1126.0
648.3163778579708,1131.0
648.5711531406508,1126.0
648.8259187305492,1106.0
649.0806746276397,1113.0
649.3354208318964,1132.0
649.5901573432931,1134.0
649.8448841618035,1112.0
650.0996012874019,1123.0
650.3543087200621,1104.0
650.6090064597581,1113.0
650.8636945064635,1121.0
651.1183728601526,1117.0
651.373041520799,1114.0
651.6277004883768,1136.0
651.8823497628601,1129.0
652.1369893442223,1129.0
652.391619232438,1113.0
652.6462394274804,1113.0
652.900849929324,1110.0
653.1554507379424,1140.0
653.4100418533096,1120.0
653.6646232753995,1126.0
653.9191950041861,1108.0
654.1737570396434,1126.0
654.428309381745,1123.0
654.6828520304651,1134.0
654.9373849857776,1117.0
655.1919082476563,1114.0
655.4464218160751,1119.0
655.7009256910083,1125.0
655.9554198724292,1126.0
656.209904360312,1147.0
656.4643791546308,1129.0
656.7188442553593,1119.0
656.9732996624715,1100.0
657.2277453759414,1133.0
657.4821813957428,1122.0
657.7366077218496,1139.0
657.9910243542358,1115.0
658.2454312928753,1133.0
658.499828537742,1110.0
658.7542160888099,1116.0
659.0085939460529,1115.0
659.2629621094449,1132.0
659.5173205789596,1145.0
659.7716693545713,1108.0
660.0260084362535,1112.0
660.2803378239805,1139.0
660.5346575177261,1115.0
660.7889675174642,1126.0
661.0432678231688,1109.0
661.2975584348135,1126.0
661.5518393523727,1119.0
661.80611057582,1116.0
662.0603721051293,1097.0
662.3146239402747,1109.0
662.56886608123,1116.0
662.8230985279693,1132.0
663.0773212804662,1078.0
663.3315343386948,1117.0
663.5857377026291,1130.0
663.839931372243,1117.0
664.0941153475102,1096.0
664.3482896284048,1119.0
664.6024542149008,1119.0
664.856609106972,1124.0
665.1107543045924,1140.0
665.3648898077357,1132.0
665.619015616376,1132.0
665.8731317304873,1138.0
666.1272381500434,1101.0
666.3813348750182,1106.0
666.6354219053856,1110.0
666.8894992411197,1128.0
667.1435668821941,1107.0
667.3976248285833,1127.0
667.6516730802605,1109.0
667.9057116372002,1132.0
668.1597404993757,1116.0
668.4137596667617,1123.0
668.6677691393315,1132.0
668.9217689170592,1131.0
669.175758999919,1094.0
669.4297393878844,1112.0
669.6837100809296,1120.0
669.9376710790283,1131.0
670.1916223821547,1110.0
670.4455639902824,1142.0
670.6994959033856,1107.0
670.9534181214381,1110.0
671.2073306444137,1109.0
671.4612334722864,1125.0
671.7151266050303,1147.0
671.9690100426193,1134.0
672.222883785027,1139.0
672.4767478322276,1152.0
672.7306021841948,1104.0
672.9844468409028,1120.0
673.2382818023254,1120.0
673.4921070684363,1126.0
673.74592263921,1102.0
673.9997285146198,1107.0
674.2535246946399,1095.0
674.5073111792441,1135.0
674.7610879684066,1125.0
675.014855062101,1125.0
675.2686124603013,1128.0
675.5223601629815,1144.0
675.7760981701155,1113.0
676.0298264816772,1121.0
676.2835450976405,1101.0
676.5372540179794,1136.0
676.7909532426677,1125.0
677.0446427716794,1120.0
677.2983226049884,1107.0
677.5519927425686,1126.0
677.805653184394,1111.0
678.0593039304384,1134.0
678.3129449806759,1098.0
678.5665763350802,1135.0
678.8201979936254,1114.0
679.0738099562853,1114.0
679.3274122230338,1114.0
679.581004793845,1148.0
679.8345876686926,1143.0
680.0881608475506,1194.0
680.3417243303932,1115.0
680.5952781171939,1130.0
680.8488222079267,1107.0
681.1023566025657,1107.0
681.3558813010847,1104.0
681.6093963034575,1133.0
681.8629016096585,1122.0
682.1163972196609,1142.0
682.3698831334393,1102.0
682.6233593509672,1130.0
682.8768258722187,1111.0
683.1302826971677,1135.0
683.3837298257879,1092.0
683.6371672580536,1133.0
683.8905949939384,1138.0
684.1440130334165,1139.0
684.3974213764615,1112.0
684.6508200230477,1138.0
684.9042089731486,1136.0
685.1575882267384,1114.0
685.4109577837909,1129.0
685.66431764428,1141.0
685.9176678081799,1102.0
686.1710082754641,1111.0
686.4243390461069,1123.0
686.6776601200819,1129.0
686.9309714973633,1111.0
687.1842731779249,1126.0
687.4375651617405,1098.0
687.6908474487841,1139.0
687.9441200390297,1122.0
688.1973829324512,1132.0
688.4506361290225,1125.0
688.7038796287175,1112.0
688.95711343151,1109.0
689.2103375373744,1099.0
689.4635519462838,1097.0
689.7167566582128,1124.0
689.9699516731353,1111.0
690.2231369910248,1122.0
690.4763126118554,1114.0
690.7294785356011,1123.0
690.982634762236,1117.0
691.2357812917336,1127.0
691.488918124068,1141.0
691.7420452592133,1113.0
691.9951626971433,1114.0
692.2482704378318,1129.0
692.5013684812528,1114.0
692.7544568273802,1131.0
693.007535476188,1121.0
693.2606044276502,1136.0
693.5136636817404,1094.0
693.7667132384327,1117.0
694.019753097701,1146.0
694.2727832595195,1121.0
694.5258037238616,1114.0
694.7788144907016,1117.0
695.0318155600133,1124.0
695.2848069317706,1132.0
695.5377886059475,1101.0
695.7907605825179,1134.0
696.0437228614558,1125.0
696.2966754427347,1131.0
696.5496183263291,1108.0
696.8025515122124,1148.0
697.0554750003589,1129.0
697.3083887907425,1104.0
697.5612928833368,1096.0
697.8141872781162,1124.0
698.0670719750542,1125.0
698.319946974125,1109.0
698.5728122753021,1115.0
698.8256678785599,1146.0
699.0785137838722,1135.0
699.3313499912126,1137.0
699.5841765005556,1111.0
699.8369933118745,1127.0
700.0898004251438,1120.0
700.3425978403369,1121.0
700.5953855574281,1119.0
700.848163576391,1122.0
701.1009318971999,1109.0
701.3536905198283,1122.0
701.6064394442504,1098.0
701.8591786704402,1116.0
702.1119081983712,1142.0
702.3646280280179,1178.0
702.6173381593538,1112.0
702.8700385923529,1135.0
703.1227293269891,1139.0
703.3754103632364,1124.0
703.6280817010688,1104.0
703.88074334046,1131.0
704.1333952813842,1083.0
704.3860375238149,1107.0
704.6386700677265,1092.0
704.8912929130926,1130.0
705.1439060598872,1130.0
705.3965095080843,1130.0
705.6491032576575,1107.0
705.9016873085812,1129.0
706.1542616608291,1115.0
706.4068263143752,1124.0
706.6593812691932,1125.0
706.9119265252572,1130.0
707.164462082541,1131.0
707.4169879410188,1134.0
707.6695041006641,1130.0
707.9220105614511,1138.0
708.1745073233536,1105.0
708.4269943863457,1112.0
708.6794717504011,1095.0
708.9319394154938,1126.0
709.1843973815979,1128.0
709.4368456486869,1127.0
709.6892842167351,1119.0
709.9417130857164,1087.0
710.1941322556045,1100.0
710.4465417263735,1115.0
710.6989414979971,1097.0
710.9513315704496,1132.0
711.2037119437045,1109.0
711.4560826177361,1119.0
711.708443592518,1116.0
711.9607948680243,1150.0
712.213136444229,1132.0
712.4654683211057,1128.0
712.7177904986287,1114.0
712.9701029767715,1150.0
713.2224057555085,1133.0
713.4746988348132,1139.0
713.7269822146599,1116.0
713.9792558950222,1113.0
714.231519875874,1111.0
714.4837741571896,1146.0
714.7360187389426,1105.0
714.9882536211069,1109.0
715.2404788036566,1129.0
715.4926942865656,1131.0
715.7449000698076,1136.0
715.9970961533567,1137.0
716.2492825371868,1112.0
716.501459221272,1132.0
716.7536262055859,1109.0
717.0057834901024,1123.0
717.2579310747959,1125.0
717.5100689596399,1132.0
717.7621971446084,1123.0
718.0143156296753,1147.0
718.2664244148144,1137.0
718.5185235,1130.0
718.7706128852058,1106.0
719.0226925704058,1114.0
719.2747625555735,1106.0
719.5268228406835,1116.0
719.7788734257092,1119.0
720.0309143106249,1123.0
720.2829454954041,1109.0
720.534966980021,1141.0
720.7869787644495,1105.0
721.0389808486634,1121.0
721.2909732326368,1125.0
721.5429559163434,1138.0
721.7949288997575,1112.0
722.0468921828524,1119.0
722.2988457656026,1132.0
722.5507896479819,1131.0
722.8027238299638,1129.0
723.0546483115228,1129.0
723.3065630926325,1115.0
723.5584681732669,1133.0
723.8103635533998,1127.0
724.0622492330054,1124.0
724.3141252120573,1132.0
724.5659914905295,1139.0
724.8178480683962,1084.0
725.0696949456309,1116.0
725.3215321222078,1092.0
725.5733595981008,1121.0
725.8251773732837,1074.0
726.0769854477305,1116.0
726.3287838214152,1117.0
726.5805724943115,1136.0
726.8323514663933,1114.0
727.084120737635,1133.0
727.3358803080099,1113.0
727.5876301774923,1103.0
727.8393703460561,1117.0
728.0911008136751,1143.0
728.3428215803233,1118.0
728.5945326459745,1157.0
728.8462340106026,1143.0
729.0979256741819,1119.0
729.3496076366858,1114.0
729.6012798980886,1138.0
729.8529424583642,1117.0
730.1045953174862,1148.0
730.3562384754288,1141.0
730.6078719321658,1132.0
730.8594956876711,1110.0
731.1111097419189,1123.0
731.3627140948826,1115.0
731.6143087465367,1140.0
731.8658936968546,1118.0
732.1174689458109,1147.0
732.3690344933786,1114.0
732.6205903395324,1113.0
732.8721364842457,1089.0
733.1236729274929,1126.0
733.3751996692475,1117.0
733.6267167094836,1133.0
733.8782240481752,1104.0
734.129721685296,1136.0
734.3812096208202,1124.0
734.6326878547214,1153.0
734.8841563869737,1097.0
735.1356152175513,1119.0
735.3870643464273,1100.0
735.6385037735766,1126.0
735.8899334989725,1092.0
736.1413535225892,1120.0
736.3927638444003,1094.0
736.6441644643801,1121.0
736.8955553825023,1104.0
737.1469365987408,1133.0
737.3983081130696,1132.0
737.6496699254626,1134.0
737.9010220358938,1102.0
738.152364444337,1118.0
738.4036971507662,1119.0
738.6550201551553,1133.0
738.9063334574782,1099.0
739.1576370577087,1100.0
739.408930955821,1105.0
739.6602151517889,1139.0
739.911489645586,1112.0
740.1627544371869,1128.0
740.4140095265649,1125.0
740.6652549136942,1126.0
740.9164905985486,1094.0
741.1677165811021,1128.0
741.4189328613287,1127.0
741.6701394392022,1125.0
741.9213363146966,1100.0
742.1725234877857,1124.0
742.4237009584436,1114.0
742.6748687266439,1113.0
742.926026792361,1102.0
743.1771751555683,1146.0
743.42831381624,1132.0
743.67944277435,1150.0
743.9305620298724,1134.0
744.1816715827807,1145.0
744.4327714330492,1118.0
744.6838615806516,1119.0
744.9349420255619,1105.0
745.186012767754,1136.0
745.4370738072018,1128.0
745.6881251438792,1130.0
745.9391667777604,1114.0
746.1901987088189,1118.0
746.4412209370289,1112.0
746.6922334623642,1115.0
746.9432362847988,1115.0
747.1942294043065,1147.0
747.4452128208612,1139.0
747.6961865344371,1127.0
747.9471505450078,1113.0
748.1981048525474,1120.0
748.4490494570298,1121.0
748.6999843584289,1115.0
748.9509095567186,1098.0
749.2018250518728,1130.0
749.4527308438654,1123.0
749.7036269326704,1138.0
749.9545133182619,1119.0
750.2053900006133,1145.0
750.4562569796991,1128.0
750.7071142554928,1135.0
750.9579618279685,1125.0
751.2087996971001,1122.0
751.4596278628615,1098.0
751.7104463252266,1131.0
751.9612550841694,1098.0
752.2120541396638,1117.0
752.4628434916835,1114.0
752.7136231402029,1102.0
752.9643930851954,1105.0
753.2151533266353,1125.0
753.4659038644963,1116.0
753.7166446987524,1127.0
753.9673758293776,1097.0
754.2180972563457,1114.0
754.4688089796306,1102.0
754.7195109992062,1120.0
754.9702033150468,1102.0
755.2208859271257,1125.0
755.4715588354173,1107.0
755.7222220398953,1116.0
755.9728755405337,1109.0
756.2235193373064,1146.0
756.4741534301871,1144.0
756.7247778191503,1138.0
756.9753925041692,1115.0
757.2259974852184,1102.0
757.4765927622713,1121.0
757.7271783353021,1123.0
757.9777542042846,1103.0
758.2283203691927,1124.0
758.4788768300004,1133.0
758.7294235866816,1130.0
758.9799606392104,1100.0
759.2304879875602,1131.0
759.4810056317056,1111.0
759.7315135716199,1121.0
759.9820118072773,1099.0
760.2325003386519,1123.0
760.4829791657174,1122.0
760.7334482884478,1104.0
760.9839077068168,1092.0
761.2343574207987,1145.0
761.484797430367,1143.0
761.735227735496,1101.0
761.9856483361594,1103.0
762.2360592323311,1131.0
762.4864604239852,1104.0
762.7368519110954,1107.0
762.987233693636,1090.0
763.2376057715804,1119.0
763.487968144903,1115.0
763.7383208135773,1131.0
763.9886637775775,1100.0
764.2389970368773,1118.0
764.4893205914509,1144.0
764.7396344412722,1160.0
764.9899385863147,1106.0
765.2402330265528,1129.0
765.4905177619603,1120.0
765.740792792511,1128.0
765.9910581181788,1088.0
766.2413137389377,1112.0
766.4915596547617,1124.0
766.7417958656245,1139.0
766.9920223715003,1110.0
767.2422391723628,1140.0
767.4924462681862,1106.0
767.742643658944,1124.0
767.9928313446105,1111.0
768.2430093251593,1132.0
768.4931776005645,1133.0
768.7433361708001,1139.0
768.9934850358397,1097.0
769.2436241956577,1125.0
769.4937536502277,1119.0
769.7438733995237,1122.0
769.9939834435195,1099.0
770.2440837821891,1122.0
770.4941744155066,1104.0
770.7442553434456,1115.0
770.9943265659803,1096.0
771.2443880830843,1108.0
771.4944398947321,1119.0
771.7444820008968,1121.0
771.9945144015531,1112.0
772.2445370966744,1116.0
772.4945500862349,1107.0
772.7445533702083,1118.0
772.9945469485688,1097.0
773.24453082129,1120.0
773.4945049883461,1128.0
773.7444694497109,1122.0
773.9944242053582,1100.0
774.2443692552622,1144.0
774.4943045993966,1136.0
774.7442302377353,1122.0
774.9941461702524,1117.0
775.2440523969217,1125.0
775.4939489177171,1133.0
775.7438357326126,1122.0
775.9937128415821,1077.0
776.2435802445996,1107.0
776.4934379416388,1113.0
776.7432859326738,1122.0
776.9931242176782,1084.0
777.2429527966265,1125.0
777.4927716694921,1107.0
777.7425808362494,1131.0
777.9923802968718,1122.0
778.2421700513336,1117.0
778.4919500996084,1113.0
778.7417204416705,1125.0
778.9914810774935,1108.0
779.2412320070515,1150.0
779.4909732303183,1113.0
779.740704747268,1147.0
779.9904265578743,1120.0
780.2401386621113,1134.0
780.4898410599528,1107.0
780.7395337513728,1127.0
780.9892167363452,1107.0
781.2388900148438,1109.0
781.4885535868427,1088.0
781.7382074523157,1107.0
781.9878516112368,1091.0
782.2374860635799,1136.0
782.4871108093189,1124.0
782.7367258484278,1122.0
782.9863311808803,1111.0
783.2359268066505,1114.0
783.4855127257123,1110.0
783.7350889380396,1135.0
783.9846554436065,1104.0
784.2342122423864,1138.0
784.483759334354,1133.0
784.7332967194824,1116.0
784.9828243977461,1088.0
785.2323423691188,1110.0
785.4818506335743,1108.0
785.7313491910869,1130.0
785.9808380416301,1105.0
786.2303171851781,1114.0
786.4797866217048,1119.0
786.7292463511839,1144.0
786.9786963735895,1112.0
787.2281366888955,1117.0
787.4775672970758,1120.0
787.7269881981043,1125.0
787.9763993919552,1104.0
788.2258008786018,1109.0
788.4751926580186,1122.0
788.7245747301793,1123.0
788.9739470950577,1098.0
789.223309752628,1102.0
789.4726627028639,1116.0
789.7220059457394,1116.0
789.9713394812284,1104.0
790.2206633093049,1141.0
790.4699774299426,1150.0
790.7192818431157,1133.0
790.9685765487978,1124.0
791.2178615469633,1129.0
791.4671368375856,1110.0
791.7164024206389,1134.0
791.9656582960971,1107.0
792.214904463934,1118.0
792.4641409241239,1102.0
792.71336767664,1106.0
792.962584721457,1101.0
793.2117920585482,1123.0
793.460989687888,1103.0
793.71017760945,1111.0
793.9593558232083,1095.0
794.2085243291367,1125.0
794.4576831272093,1132.0
794.7068322173998,1114.0
794.9559715996821,1097.0
795.2051012740304,1113.0
795.4542212404183,1105.0
795.7033314988199,1136.0
795.9524320492092,1105.0
796.2015228915599,1104.0
796.4506040258461,1107.0
796.6996754520417,1119.0
796.9487371701205,1113.0
797.1977891800564,1111.0
797.4468314818234,1113.0
797.6958640753957,1118.0
797.9448869607467,1110.0
798.1939001378507,1134.0
798.4429036066814,1134.0
798.691897367213,1116.0
798.9408814194189,1106.0
799.1898557632736,1130.0
799.4388203987506,1129.0
799.6877753258242,1123.0
799.9367205444681,1085.0
800.1856560546561,1116.0
800.4345818563623,1093.0
800.6834979495605,1117.0
800.9324043342249,1102.0
801.181301010329,1131.0
801.430187977847,1123.0
801.6790652367528,1128.0
801.9279327870203,1114.0
802.1767906286233,1099.0
802.4256387615358,1091.0
802.6744771857318,1128.0
802.9233059011851,1113.0
803.1721249078698,1124.0
803.4209342057595,1119.0
803.6697337948284,1132.0
803.9185236750504,1088.0
804.1673038463992,1108.0
804.4160743088491,1099.0
804.6648350623736,1124.0
804.913586106947,1092.0
805.1623274425428,1121.0
805.4110590691354,1130.0
805.6597809866984,1131.0
805.9084931952057,1097.0
806.1571956946314,1122.0
806.4058884849493,1125.0
806.6545715661333,1126.0
806.9032449381574,1084.0
807.1519086009955,1114.0
807.4005625546215,1128.0
807.6492067990096,1141.0
807.8978413341331,1116.0
808.1464661599663,1126.0
808.3950812764833,1106.0
808.6436866836576,1125.0
808.8922823814636,1100.0
809.1408683698746,1116.0
809.3894446488654,1118.0
809.6380112184088,1115.0
809.8865680784796,1092.0
810.1351152290515,1121.0
810.3836526700983,1133.0
810.632180401594,1124.0
810.8806984235125,1108.0
811.1292067358277,1113.0
811.3777053385134,1109.0
811.6261942315439,1145.0
811.8746734148926,1099.0
812.1231428885338,1101.0
812.3716026524414,1110.0
812.6200527065893,1134.0
812.8684930509513,1107.0
813.1169236855012,1108.0
813.3653446102134,1120.0
813.6137558250612,1149.0
813.862157330019,1118.0
814.1105491250606,1137.0
814.3589312101599,1125.0
814.6073035852907,1130.0
814.855666250427,1104.0
815.1040192055428,1100.0
815.352362450612,1092.0
815.6006959856085,1122.0
815.849019810506,1111.0
816.0973339252787,1100.0
816.3456383299005,1113.0
816.5939330243451,1139.0
816.8422180085869,1133.0
817.0904932825991,1129.0
817.3387588463564,1102.0
817.5870146998321,1099.0
817.8352608430006,1083.0
818.0834972758354,1122.0
818.3317239983104,1123.0
818.5799410104001,1128.0
818.8281483120778,1116.0
819.0763459033178,1125.0
819.3245337840938,1105.0
819.5727119543799,1113.0
819.8208804141497,1079.0
820.0690391633775,1114.0
820.3171882020371,1119.0
820.5653275301022,1114.0
820.8134571475472,1095.0
821.0615770543453,1157.0
821.3096872504713,1117.0
821.5577877358983,1115.0
821.8058785106008,1107.0
822.0539595745524,1111.0
822.3020309277271,1110.0
822.5500925700989,1124.0
822.7981445016417,1099.0
823.0461867223294,1136.0
823.2942192321357,1126.0
823.5422420310349,1126.0
823.7902551190007,1118.0
824.0382584960071,1106.0
824.2862521620278,1106.0
824.534236117037,1120.0
824.7822103610087,1112.0
825.0301748939165,1116.0
825.2781297157344,1102.0
825.5260748264366,1126.0
825.7740102259966,1104.0
826.0219359143886,1109.0
826.2698518915863,1126.0
826.5177581575639,1120.0
826.7656547122951,1103.0
827.013541555754,1110.0
827.2614186879144,1108.0
827.5092861087503,1112.0
827.7571438182355,1091.0
828.004991816344,1092.0
828.2528301030497,1108.0
828.5006586783264,1137.0
828.7484775421484,1130.0
828.9962866944892,1136.0
829.2440861353228,1114.0
829.4918758646234,1144.0
829.7396558823647,1119.0
829.9874261885204,1120.0
830.2351867830649,1104.0
830.4829376659719,1093.0
830.7306788372151,1100.0
830.9784102967689,1122.0
831.2261320446067,1119.0
831.4738440807029,1113.0
831.721546405031,1101.0
831.9692390175651,1131.0
832.2169219182792,1114.0
832.464595107147,1113.0
832.7122585841428,1121.0
832.9599123492401,1133.0
833.2075564024132,1128.0
833.4551907436356,1131.0
833.7028153728817,1106.0
833.9504302901249,1142.0
834.1980354953396,1132.0
834.4456309884994,1132.0
834.6932167695783,1096.0
834.9407928385504,1097.0
835.1883591953892,1093.0
835.4359158400691,1105.0
835.6834627725636,1094.0
835.9309999928472,1107.0
836.1785275008932,1108.0
836.4260452966759,1130.0
836.6735533801688,1125.0
836.9210517513462,1132.0
837.1685404101821,1123.0
837.4160193566502,1154.0
837.6634885907245,1095.0
837.9109481123786,1115.0
838.158397921587,1111.0
838.4058380183233,1139.0
838.6532684025613,1111.0
838.9006890742753,1096.0
839.1481000334387,1096.0
839.395501280026,1121.0
839.6428928140106,1105.0
839.8902746353668,1128.0
840.1376467440683,1113.0
840.3850091400891,1103.0
840.6323618234031,1114.0
840.8797047939842,1134.0
841.1270380518065,1105.0
841.3743615968435,1121.0
841.6216754290697,1099.0
841.8689795484584,1123.0
842.1162739549841,1131.0
842.3635586486201,1108.0
842.6108336293411,1091.0
842.8580988971204,1110.0
843.1053544519319,1096.0
843.3526002937501,1105.0
843.5998364225484,1090.0
843.8470628383009,1117.0
844.0942795409813,1102.0
844.3414865305639,1109.0
844.5886838070224,1081.0
844.8358713703307,1116.0
845.0830492204628,1114.0
845.3302173573926,1118.0
845.577375781094,1117.0
845.824524491541,1119.0
846.0716634887074,1125.0
846.318792772567,1139.0
846.5659123430942,1086.0
846.8130222002624,1102.0
847.0601223440457,1122.0
847.3072127744182,1127.0
847.5542934913535,1108.0
847.801364494826,1122.0
848.0484257848091,1137.0
848.295477361277,1124.0
848.5425192242034,1101.0
848.7895513735625,1104.0
849.0365738093279,1102.0
849.2835865314739,1105.0
849.5305895399742,1079.0
849.7775828348028,1096.0
850.0245664159336,1107.0
850.2715402833404,1105.0
850.5185044369973,1092.0
850.765458876878,1122.0
851.0124036029566,1108.0
851.2593386152071,1084.0
851.5062639136031,1075.0
851.7531794981189,1119.0
852.000085368728,1107.0
852.2469815254047,1096.0
852.4938679681228,1081.0
852.7407446968562,1116.0
852.9876117115788,1126.0
853.2344690122644,1124.0
853.4813165988874,1112.0
853.7281544714209,1127.0
853.9749826298397,1098.0
854.221801074117,1109.0
854.4686098042273,1086.0
854.715408820144,1107.0
854.9621981218415,1107.0
855.2089777092933,1133.0
855.4557475824737,1109.0
855.7025077413564,1123.0
855.9492581859151,1133.0
856.1959989161244,1122.0
856.4427299319575,1129.0
856.6894512333887,1123.0
856.9361628203918,1107.0
857.1828646929408,1124.0
857.4295568510095,1113.0
857.6762392945719,1139.0
857.9229120236021,1117.0
858.1695750380736,1118.0
858.4162283379608,1097.0
858.6628719232372,1093.0
858.909505793877,1117.0
859.1561299498538,1150.0
859.4027443911418,1086.0
859.6493491177151,1101.0
859.8959441295472,1100.0
860.1425294266122,1108.0
860.389105008884,1092.0
860.6356708763367,1118.0
860.8822270289439,1120.0
861.1287734666797,1136.0
861.375310189518,1099.0
861.6218371974327,1129.0
861.8683544903977,1114.0
862.114862068387,1119.0
862.3613599313745,1089.0
862.6078480793341,1090.0
862.8543265122397,1096.0
863.1007952300653,1131.0
863.3472542327846,1105.0
863.5937035203718,1114.0
863.8401430928006,1108.0
864.0865729500453,1112.0
864.3329930920792,1096.0
864.5794035188768,1096.0
864.8258042304117,1119.0
865.0721952266579,1133.0
865.3185765075892,1105.0
865.5649480731797,1101.0
865.8113099234033,1091.0
866.0576620582339,1122.0
866.3040044776454,1096.0
866.5503371816117,1111.0
866.7966601701067,1122.0
867.0429734431043,1132.0
867.2892770005787,1110.0
867.5355708425034,1114.0
867.7818549688525,1113.0
868.0281293796002,1112.0
868.2743940747198,1103.0
868.5206490541858,1119.0
868.766894317972,1113.0
869.0131298660519,1118.0
869.2593556984,1110.0
869.5055718149898,1125.0
869.7517782157955,1133.0
869.9979749007908,1140.0
870.24416186995,1085.0
870.4903391232464,1128.0
870.7365066606544,1127.0
870.9826644821478,1128.0
871.2288125877005,1104.0
871.4749509772863,1124.0
871.7210796508793,1105.0
871.9671986084535,1126.0
872.2133078499825,1091.0
872.4594073754406,1106.0
872.7054971848014,1106.0
872.9515772780389,1118.0
873.1976476551272,1112.0
873.44370831604,1120.0
873.6897592607512,1130.0
873.9358004892348,1125.0
874.181832001465,1104.0
874.4278537974152,1112.0
874.6738658770598,1106.0
874.9198682403724,1147.0
875.1658608873271,1130.0
875.4118438178975,1134.0
875.6578170320579,1094.0
875.9037805297821,1123.0
876.149734311044,1090.0
876.3956783758176,1113.0
876.6416127240767,1128.0
876.8875373557953,1128.0
877.1334522709471,1084.0
877.3793574695064,1108.0
877.6252529514468,1133.0
877.8711387167424,1122.0
878.1170147653671,1095.0
878.3628810972948,1102.0
878.6087377124994,1114.0
878.8545846109547,1109.0
879.1004217926348,1088.0
879.3462492575137,1118.0
879.592067005565,1123.0
879.8378750367629,1129.0
880.0836733510812,1098.0
880.3294619484939,1126.0
880.5752408289748,1095.0
880.8210099924979,1099.0
881.066769439037,1085.0
881.3125191685664,1111.0
881.5582591810595,1114.0
881.8039894764904,1119.0
882.0497100548332,1099.0
882.2954209160617,1114.0
882.5411220601501,1115.0
882.7868134870716,1116.0
883.0324951968009,1073.0
883.2781671893114,1082.0
883.5238294645773,1099.0
883.7694820225723,1122.0
884.0151248632704,1082.0
884.2607579866458,1108.0
884.5063813926721,1121.0
884.7519950813233,1138.0
884.9975990525734,1118.0
885.2431933063962,1120.0
885.4887778427656,1120.0
885.7343526616556,1131.0
885.9799177630401,1098.0
886.225473146893,1117.0
886.4710188131884,1101.0
886.7165547618998,1101.0
886.9620809930017,1076.0
887.2075975064676,1105.0
887.4531043022715,1108.0
887.6986013803873,1125.0
887.944088740789,1091.0
888.1895663834505,1121.0
888.4350343083456,1105.0
888.6804925154485,1153.0
888.9259410047329,1112.0
889.1713797761728,1099.0
889.416808829742,1092.0
889.6622281654146,1110.0
889.9076377831643,1108.0
890.1530376829652,1118.0
890.3984278647913,1141.0
890.6438083286162,1152.0
890.8891790744141,1098.0
891.1345401021588,1126.0
891.3798914118244,1134.0
891.6252330033844,1119.0
891.8705648768133,1087.0
892.1158870320844,1116.0
892.361199469172,1114.0
892.6065021880501,1141.0
892.8517951886923,1125.0
893.0970784710728,1124.0
893.3423520351654,1117.0
893.5876158809441,1118.0
893.8328700083825,1108.0
894.078114417455,1120.0
894.3233491081353,1102.0
894.5685740803972,1126.0
894.8137893342149,1107.0
895.058994869562,1119.0
895.3041906864125,1098.0
895.5493767847405,1123.0
895.7945531645198,1115.0
896.0397198257243,1155.0
896.284876768328,1112.0
896.5300239923048,1131.0
896.7751614976285,1120.0
897.0202892842732,1142.0
897.2654073522126,1109.0
897.510515701421,1151.0
897.7556143318718,1109.0
898.0007032435394,1111.0
898.2457824363973,1100.0
898.4908519104197,1115.0
898.7359116655806,1092.0
898.9809617018536,1099.0
899.226002019213,1115.0
899.4710326176322,1108.0
899.7160534970858,1078.0
899.961064657547,1116.0
900.2060660989903,1120.0
900.4510578213893,1134.0
900.696039824718,1109.0
900.9410121089505,1115.0
901.1859746740603,1106.0
901.4309275200218,1123.0
901.6758706468086,1083.0
901.9208040543947,1113.0
902.165727742754,1112.0
902.4106417118604,1128.0
902.6555459616881,1093.0
902.9004404922106,1107.0
903.1453253034022,1112.0
903.3902003952364,1126.0
903.6350657676876,1098.0
903.8799214207291,1107.0
904.1247673543356,1100.0
904.3696035684804,1125.0
904.6144300631377,1095.0
904.8592468382814,1113.0
905.1040538938853,1121.0
905.3488512299233,1102.0
905.5936388463696,1108.0
905.8384167431979,1133.0
906.0831849203821,1114.0
906.3279433778962,1118.0
906.5726921157141,1090.0
906.8174311338096,1105.0
907.0621604321569,1097.0
907.3068800107296,1111.0
907.551589869502,1101.0
907.7962900084476,1098.0
908.0409804275406,1101.0
908.2856611267548,1129.0
908.5303321060642,1111.0
908.7749933654427,1113.0
909.0196449048641,1126.0
909.2642867243025,1133.0
909.5089188237316,1108.0
909.7535412031257,1105.0
909.9981538624583,1134.0
910.2427568017035,1125.0
910.4873500208353,1105.0
910.7319335198274,1138.0
910.976507298654,1114.0
911.2210713572888,1136.0
911.4656256957059,1100.0
911.710170313879,1119.0
911.9547052117822,1117.0
912.1992303893893,1132.0
912.4437458466742,1112.0
912.6882515836111,1130.0
912.9327476001736,1133.0
913.1772338963358,1120.0
913.4217104720715,1086.0
913.6661773273547,1105.0
913.9106344621592,1109.0
914.1550818764592,1133.0
914.3995195702284,1106.0
914.6439475434407,1134.0
914.8883657960702,1114.0
915.1327743280906,1103.0
915.3771731394759,1100.0
915.6215622302001,1124.0
915.865941600237,1108.0
916.1103112495605,1111.0
916.3546711781447,1104.0
916.5990213859634,1104.0
916.8433618729905,1109.0
917.0876926392001,1099.0
917.3320136845658,1080.0
917.5763250090619,1113.0
917.820626612662,1121.0
918.0649184953402,1146.0
918.3092006570703,1119.0
918.5534730978262,1131.0
918.7977358175821,1126.0
919.0419888163115,1122.0
919.2862320939888,1120.0
919.5304656505874,1125.0
919.7746894860817,1126.0
920.0189036004452,1128.0
920.2631079936523,1076.0
920.5073026656763,1091.0
920.7514876164915,1109.0
920.995662846072,1141.0
921.2398283543914,1106.0
921.4839841414238,1121.0
921.728130207143,1124.0
921.9722665515229,1149.0
922.2163931745375,1112.0
922.4605100761607,1129.0
922.7046172563665,1125.0
922.9487147151286,1100.0
923.1928024524211,1067.0
923.436880468218,1118.0
923.680948762493,1116.0
923.9250073352201,1149.0
924.1690561863735,1118.0
924.4130953159265,1134.0
924.6571247238535,1124.0
924.9011444101284,1127.0
925.1451543747249,1095.0
925.3891546176172,1112.0
925.6331451387789,1110.0
925.8771259381843,1107.0
926.1210970158069,1093.0
926.365058371621,1111.0
926.6090100056,1120.0
926.8529519177184,1125.0
927.0968841079499,1100.0
927.3408065762685,1108.0
927.5847193226479,1098.0
927.8286223470622,1124.0
928.0725156494851,1104.0
928.3163992298909,1117.0
928.5602730882532,1102.0
928.8041372245459,1130.0
929.0479916387432,1136.0
929.2918363308189,1131.0
929.5356713007467,1108.0
929.7794965485009,1125.0
930.0233120740551,1085.0
930.2671178773835,1096.0
930.5109139584597,1131.0
930.7547003172579,1122.0
930.9984769537518,1100.0
931.2422438679154,1126.0
931.4860010597228,1119.0
931.7297485291476,1130.0
931.9734862761641,1102.0
932.2172143007458,1115.0
932.4609326028669,1138.0
932.7046411825013,1112.0
932.9483400396227,1090.0
933.1920291742055,1110.0
933.435708586223,1119.0
933.6793782756496,1141.0
933.923038242459,1095.0
934.1666884866252,1124.0
934.410329008122,1104.0
934.6539598069236,1116.0
934.8975808830033,1093.0
935.1411922363358,1098.0
935.3847938668946,1110.0
935.6283857746537,1107.0
935.8719679595871,1095.0
936.1155404216684,1103.0
936.3591031608719,1118.0
936.6026561771713,1119.0
936.8461994705405,1109.0
937.0897330409537,1123.0
937.3332568883845,1118.0
937.5767710128072,1119.0
937.8202754141951,1089.0
938.0637700925228,1142.0
938.3072550477636,1116.0
938.550730279892,1115.0
938.7941957888816,1100.0
939.0376515747062,1136.0
939.28109763734,1125.0
939.5245339767569,1124.0
939.7679605929306,1102.0
940.0113774858352,1119.0
940.2547846554446,1112.0
940.4981821017326,1118.0
940.7415698246733,1096.0
940.9849478242404,1110.0
941.228316100408,1140.0
941.4716746531501,1147.0
941.7150234824403,1107.0
941.9583625882528,1132.0
942.2016919705615,1124.0
942.4450116293402,1111.0
942.6883215645629,1095.0
942.9316217762034,1107.0
943.1749122642358,1114.0
943.4181930286338,1118.0
943.6614640693717,1092.0
943.9047253864229,1100.0
944.1479769797618,1096.0
944.391218849362,1109.0
944.6344509951975,1078.0
944.8776734172422,1111.0
945.1208861154702,1122.0
945.3640890898554,1112.0
945.6072823403713,1100.0
945.8504658669924,1108.0
946.0936396696923,1103.0
946.3368037484449,1104.0
946.5799581032242,1089.0
946.8231027340042,1118.0
947.0662376407586,1126.0
947.3093628234615,1150.0
947.5524782820869,1110.0
947.7955840166084,1127.0
948.0386800270002,1109.0
948.2817663132361,1128.0
948.5248428752901,1089.0
948.7679097131361,1103.0
949.0109668267479,1101.0
949.2540142160996,1117.0
949.4970518811649,1100.0
949.740079821918,1126.0
949.9830980383325,1136.0
950.2261065303827,1147.0
950.4691052980422,1114.0
950.7120943412851,1109.0
950.9550736600852,1134.0
951.1980432544165,1129.0
951.4410031242528,1106.0
951.6839532695682,1121.0
951.9268936903366,1128.0
952.1698243865318,1128.0
952.4127453581277,1105.0
952.6556566050984,1120.0
952.8985581274177,1123.0
953.1414499250594,1110.0
953.3843319979977,1088.0
953.6272043462063,1124.0
953.8700669696592,1104.0
954.1129198683304,1122.0
954.3557630421936,1105.0
954.598596491223,1120.0
954.8414202153923,1120.0
955.0842342146755,1116.0
955.3270384890466,1118.0
955.5698330384793,1130.0
955.8126178629477,1110.0
956.0553929624257,1100.0
956.2981583368872,1088.0
956.5409139863061,1107.0
956.7836599106564,1112.0
957.0263961099118,1144.0
957.2691225840464,1112.0
957.5118393330342,1099.0
957.754546356849,1112.0
957.9972436554647,1138.0
958.2399312288552,1124.0
958.4826090769947,1120.0
958.7252771998567,1116.0
958.9679355974155,1122.0
959.2105842696445,1097.0
959.4532232165183,1125.0
959.6958524380103,1117.0
959.9384719340945,1113.0
960.1810817047451,1096.0
960.4236817499358,1098.0
960.6662720696406,1115.0
960.9088526638333,1131.0
961.1514235324878,1077.0
961.3939846755784,1104.0
961.6365360930786,1126.0
961.8790777849624,1129.0
962.1216097512037,1108.0
962.3641319917767,1118.0
962.606644506655,1130.0
962.8491472958127,1140.0
963.0916403592237,1110.0
963.3341236968618,1127.0
963.5765973087009,1095.0
963.8190611947151,1124.0
964.0615153548783,1109.0
964.3039597891644,1105.0
964.5463944975472,1122.0
964.7888194800006,1140.0
965.0312347364988,1104.0
965.2736402670155,1102.0
965.5160360715246,1136.0
965.7584221500001,1123.0
966.0007985024159,1098.0
966.243165128746,1123.0
966.485522028964,1118.0
966.7278692030444,1133.0
966.9702066509604,1102.0
967.2125343726866,1103.0
967.4548523681965,1101.0
967.6971606374641,1126.0
967.9394591804636,1117.0
968.1817479971685,1112.0
968.4240270875529,1110.0
968.6662964515907,1115.0
968.908556089256,1093.0
969.1508060005223,1111.0
969.3930461853639,1105.0
969.6352766437547,1129.0
969.8774973756683,1110.0
970.119708381079,1119.0
970.3619096599606,1108.0
970.6041012122869,1098.0
970.846283038032,1076.0
971.0884551371696,1092.0
971.3306175096737,1099.0
971.5727701555184,1092.0
971.8149130746775,1092.0
972.0570462671247,1114.0
972.2991697328343,1131.0
972.54128347178,1121.0
972.7833874839358,1068.0
973.0254817692755,1116.0
973.2675663277731,1140.0
973.5096411594027,1143.0
973.7517062641379,1106.0
973.9937616419528,1124.0
974.2358072928213,1106.0
974.4778432167172,1150.0
974.7198694136146,1105.0
974.9618858834873,1118.0
975.2038926263093,1117.0
975.4458896420545,1121.0
975.6878769306968,1112.0
975.9298544922101,1112.0
976.1718223265684,1127.0
976.4137804337454,1114.0
976.6557288137154,1088.0
976.8976674664519,1113.0
977.1395963919293,1096.0
977.381515590121,1101.0
977.6234250610012,1094.0
977.8653248045439,1103.0
978.1072148207228,1122.0
978.349095109512,1117.0
978.5909656708852,1105.0
978.8328265048167,1104.0
979.0746776112799,1111.0
979.316518990249,1126.0
979.5583506416982,1102.0
979.8001725656011,1123.0
980.0419847619316,1124.0
980.2837872306635,1118.0
980.5255799717712,1110.0
980.7673629852283,1098.0
981.0091362710086,1119.0
981.2508998290862,1137.0
981.4926536594351,1094.0
981.734397762029,1120.0
981.9761321368418,1112.0
982.2178567838478,1118.0
982.4595717030206,1090.0
982.7012768943342,1128.0
982.9429723577622,1118.0
983.1846580932793,1133.0
983.4263341008586,1121.0
983.6680003804744,1129.0
983.9096569321008,1111.0
984.1513037557114,1115.0
984.3929408512804,1088.0
984.6345682187812,1100.0
984.8761858581883,1129.0
985.1177937694753,1108.0
985.3593919526161,1093.0
985.6009804075849,1114.0
985.8425591343554,1110.0
986.0841281329017,1107.0
986.3256874031972,1094.0
986.5672369452166,1124.0
986.8087767589334,1106.0
987.0503068443215,1129.0
987.2918272013546,1101.0
987.5333378300072,1114.0
987.7748387302529,1121.0
988.0163299020653,1165.0
988.257811345419,1098.0
988.4992830602876,1120.0
988.7407450466447,1112.0
988.9821973044646,1105.0
989.2236398337212,1101.0
989.4650726343884,1143.0
989.7064957064399,1109.0
989.94790904985,1122.0
990.1893126645923,1114.0
990.4307065506409,1125.0
990.6720907079695,1113.0
990.9134651365523,1133.0
991.1548298363631,1115.0
991.3961848073757,1136.0
991.6375300495642,1123.0
991.8788655629025,1133.0
992.1201913473645,1106.0
992.3615074029238,1125.0
992.6028137295548,1109.0
992.8441103272314,1113.0
993.0853971959273,1090.0
993.3266743356161,1121.0
993.5679417462725,1132.0
993.80919942787,1122.0
994.0504473803821,1101.0
994.2916856037835,1129.0
994.5329140980479,1114.0
994.774132863149,1128.0
995.0153418990604,1099.0
995.256541205757,1106.0
995.4977307832119,1107.0
995.7389106313991,1128.0
995.980080750293,1117.0
996.2212411398671,1116.0
996.4623918000955,1109.0
996.7035327309518,1131.0
996.9446639324104,1116.0
997.185785404445,1098.0
997.4268971470293,1089.0
997.6679991601377,1114.0
997.9090914437438,1112.0
998.1501739978215,1127.0
998.3912468223447,1112.0
998.6323099172876,1117.0
998.8733632826239,1116.0
999.1144069183275,1124.0
999.3554408243724,1113.0
999.5964650007325,1126.0
999.8374794473817,1095.0
1000.0784841642937,1124.0
1000.319479151443,1124.0
1000.5604644088031,1102.0
1000.8014399363481,1104.0
1001.0424057340515,1123.0
1001.2833618018876,1110.0
1001.5243081398305,1123.0
1001.7652447478536,1118.0
1002.0061716259313,1106.0
1002.2470887740373,1107.0
1002.4879961921455,1115.0
1002.7288938802296,1086.0
1002.9697818382641,1123.0
1003.2106600662227,1132.0
1003.4515285640788,1104.0
1003.6923873318069,1069.0
1003.9332363693809,1093.0
1004.1740756767746,1106.0
1004.4149052539616,1145.0
1004.6557251009162,1122.0
1004.8965352176125,1104.0
1005.137335604024,1120.0
1005.3781262601246,1117.0
1005.6189071858887,1108.0
1005.8596783812898,1096.0
1006.1004398463017,1106.0
1006.3411915808988,1124.0
1006.5819335850549,1090.0
1006.8226658587437,1108.0
1007.0633884019389,1117.0
1007.3041012146151,1133.0
1007.5448042967458,1120.0
1007.7854976483048,1126.0
1008.0261812692664,1124.0
1008.2668551596043,1129.0
1008.5075193192926,1116.0
1008.7481737483046,1121.0
1008.9888184466149,1113.0
1009.2294534141973,1124.0
1009.4700786510253,1109.0
1009.7106941570735,1111.0
1009.9512999323154,1108.0
1010.1918959767249,1121.0
1010.4324822902759,1094.0
1010.6730588729425,1124.0
1010.9136257246987,1114.0
1011.1541828455182,1130.0
1011.3947302353747,1098.0
1011.6352678942427,1129.0
1011.8757958220957,1127.0
1012.1163140189077,1132.0
1012.3568224846528,1108.0
1012.5973212193047,1128.0
1012.8378102228374,1123.0
1013.0782894952248,1124.0
1013.3187590364408,1084.0
1013.5592188464595,1106.0
1013.7996689252545,1119.0
1014.0401092728,1115.0
1014.2805398890699,1100.0
1014.520960774038,1099.0
1014.761371927678,1102.0
1015.0017733499644,1116.0
1015.2421650408708,1095.0
1015.4825470003708,1106.0
1015.7229192284389,1111.0
1015.9632817250488,1102.0
1016.2036344901744,1093.0
1016.4439775237893,1103.0
1016.6843108258679,1106.0
1016.924634396384,1136.0
1017.1649482353116,1088.0
1017.4052523426242,1107.0
1017.645546718296,1120.0
1017.8858313623012,1121.0
1018.1261062746131,1099.0
1018.3663714552061,1120.0
1018.6066269040542,1102.0
1018.846872621131,1116.0
1019.0871086064102,1084.0
1019.3273348598664,1101.0
1019.5675513814731,1134.0
1019.807758171204,1129.0
1020.0479552290336,1110.0
1020.2881425549355,1109.0
1020.5283201488836,1097.0
1020.7684880108518,1132.0
1021.0086461408142,1087.0
1021.2487945387445,1105.0
1021.4889332046166,1112.0
1021.7290621384047,1107.0
1021.9691813400827,1093.0
1022.2092908096243,1120.0
1022.4493905470034,1120.0
1022.689480552194,1126.0
1022.9295608251703,1100.0
1023.1696313659058,1105.0
1023.4096921743744,1134.0
1023.6497432505504,1123.0
1023.8897845944075,1086.0
1024.1298162059197,1102.0
1024.3698380850608,1098.0
1024.6098502318048,1131.0
1024.8498526461256,1106.0
1025.089845327997,1132.0
1025.3298282773933,1124.0
1025.5698014942882,1125.0
1025.809764978655,1104.0
1026.0497187304688,1121.0
1026.2896627497028,1123.0
1026.529597036331,1114.0
1026.7695215903273,1092.0
1027.0094364116655,1111.0
1027.24934150032,1099.0
1027.4892368562644,1105.0
1027.7291224794726,1098.0
1027.9689983699186,1105.0
1028.2088645275765,1118.0
1028.4487209524195,1129.0
1028.6885676444224,1107.0
1028.9284046035589,1113.0
1029.1682318298024,1138.0
1029.4080493231272,1118.0
1029.6478570835075,1120.0
1029.8876551109165,1100.0
1030.1274434053287,1135.0
1030.367221966718,1134.0
1030.6069907950582,1119.0
1030.846749890323,1133.0
1031.0864992524866,1119.0
1031.326238881523,1124.0
1031.565968777406,1109.0
1031.8056889401093,1142.0
1032.0453993696071,1095.0
1032.2851000658732,1114.0
1032.5247910288815,1099.0
1032.7644722586058,1108.0
1033.0041437550206,1119.0
1033.2438055180992,1126.0
1033.4834575478158,1103.0
1033.7230998441441,1129.0
1033.9627324070584,1101.0
1034.2023552365324,1104.0
1034.4419683325395,1092.0
1034.6815716950546,1123.0
1034.921165324051,1128.0
1035.160749219503,1118.0
1035.400323381384,1094.0
1035.6398878096684,1111.0
1035.8794425043295,1097.0
1036.118987465342,1129.0
1036.3585226926796,1126.0
1036.598048186316,1122.0
1036.8375639462251,1129.0
1037.0770699723807,1148.0
1037.3165662647575,1115.0
1037.5560528233286,1139.0
1037.795529648068,1144.0
1038.03499673895,1116.0
1038.2744540959484,1090.0
1038.513901719037,1099.0
1038.7533396081897,1102.0
1038.9927677633805,1121.0
1039.2321861845835,1113.0
1039.471594871772,1111.0
1039.7109938249207,1103.0
1039.950383044003,1124.0
1040.1897625289932,1108.0
1040.429132279865,1130.0
1040.6684922965921,1154.0
1040.9078425791488,1130.0
1041.147183127509,1108.0
1041.3865139416462,1111.0
1041.6258350215348,1131.0
1041.8651463671483,1113.0
1042.1044479784612,1107.0
1042.3437398554468,1127.0
1042.5830219980796,1101.0
1042.822294406333,1100.0
1043.0615570801808,1077.0
1043.3008100195977,1129.0
1043.5400532245571,1136.0
1043.7792866950329,1129.0
1044.0185104309994,1117.0
1044.2577244324298,1112.0
1044.496928699299,1114.0
1044.7361232315795,1129.0
1044.975308029247,1104.0
1045.2144830922741,1128.0
1045.4536484206349,1108.0
1045.6928040143039,1103.0
1045.9319498732546,1103.0
1046.171085997461,1098.0
1046.410212386897,1100.0
1046.6493290415365,1134.0
1046.8884359613537,1111.0
1047.1275331463219,1122.0
1047.3666205964155,1135.0
1047.6056983116084,1150.0
1047.8447662918745,1100.0
1048.0838245371874,1125.0
1048.3228730475216,1133.0
1048.5619118228506,1128.0
1048.8009408631483,1108.0
1049.0399601683887,1110.0
1049.2789697385458,1097.0
1049.5179695735935,1110.0
1049.7569596735057,1100.0
1049.995940038256,1105.0
1050.2349106678193,1124.0
1050.4738715621686,1115.0
1050.7128227212777,1071.0
1050.9517641451212,1133.0
1051.1906958336726,1125.0
1051.429617786906,1120.0
1051.6685300047955,1077.0
1051.9074324873145,1138.0
1052.1463252344374,1103.0
1052.3852082461374,1122.0
1052.6240815223896,1108.0
1052.862945063167,1099.0
1053.101798868444,1116.0
1053.3406429381937,1123.0
1053.579477272391,1097.0
1053.8183018710095,1101.0
1054.0571167340227,1097.0
1054.295921861405,1115.0
1054.5347172531306,1089.0
1054.7735029091725,1121.0
1055.0122788295055,1103.0
1055.2510450141028,1114.0
1055.489801462939,1085.0
1055.7285481759875,1129.0
1055.9672851532225,1106.0
1056.2060123946183,1116.0
1056.4447299001479,1084.0
1056.6834376697855,1102.0
1056.9221357035053,1105.0
1057.1608240012813,1128.0
1057.399502563087,1096.0
1057.6381713888966,1112.0
1057.8768304786843,1112.0
1058.1154798324235,1124.0
1058.3541194500883,1123.0
1058.5927493316526,1108.0
1058.8313694770904,1095.0
1059.0699798863757,1113.0
1059.308580559482,1088.0
1059.5471714963837,1112.0
1059.7857526970547,1090.0
1060.0243241614683,1105.0
1060.2628858895991,1103.0
1060.5014378814212,1117.0
1060.7399801369077,1129.0
1060.9785126560328,1117.0
1061.217035438771,1102.0
1061.4555484850957,1130.0
1061.6940517949806,1130.0
1061.9325453684,1131.0
1062.171029205328,1090.0
1062.4095033057379,1097.0
1062.6479676696042,1121.0
1062.8864222969007,1107.0
1063.124867187601,1083.0
1063.3633023416792,1136.0
1063.6017277591095,1137.0
1063.8401434398654,1139.0
1064.0785493839212,1118.0
1064.3169455912503,1102.0
1064.5553320618271,1116.0
1064.7937087956254,1124.0
1065.0320757926193,1088.0
1065.2704330527822,1101.0
1065.5087805760884,1113.0
1065.7471183625119,1099.0
1065.985446412026,1104.0
1066.2237647246056,1118.0
1066.462073300224,1111.0
1066.700372138855,1120.0
1066.9386612404726,1094.0
1067.1769406050512,1143.0
1067.4152102325645,1139.0
1067.653470122986,1138.0
1067.8917202762898,1105.0
1068.1299606924504,1116.0
1068.3681913714408,1130.0
1068.6064123132355,1137.0
1068.8446235178085,1125.0
1069.0828249851334,1123.0
1069.3210167151844,1130.0
1069.5591987079351,1142.0
1069.7973709633598,1125.0
1070.035533481432,1165.0
1070.2736862621255,1136.0
1070.511829305415,1143.0
1070.749962611274,1136.0
1070.9880861796762,1130.0
1071.2262000105954,1118.0
1071.4643041040065,1095.0
1071.7023984598825,1090.0
1071.940483078197,1112.0
1072.1785579589252,1149.0
1072.4166231020401,1131.0
1072.6546785075159,1085.0
1072.8927241753263,1113.0
1073.1307601054455,1096.0
1073.368786297847,1095.0
1073.6068027525052,1095.0
1073.8448094693938,1131.0
1074.0828064484867,1103.0
1074.3207936897581,1129.0
1074.5587711931814,1094.0
1074.7967389587309,1109.0
1075.0346969863804,1127.0
1075.2726452761037,1124.0
1075.5105838278753,1103.0
1075.7485126416684,1116.0
1075.9864317174572,1129.0
1076.2243410552155,1141.0
1076.4622406549177,1123.0
1076.7001305165372,1113.0
1076.938010640048,1126.0
1077.1758810254241,1136.0
1077.4137416726396,1113.0
1077.6515925816682,1105.0
1077.8894337524835,1095.0
1078.1272651850602,1108.0
1078.3650868793718,1104.0
1078.6028988353924,1131.0
1078.840701053095,1126.0
1079.078493532455,1133.0
1079.3162762734453,1119.0
1079.55404927604,1128.0
1079.7918125402132,1114.0
1080.029566065939,1129.0
1080.267309853191,1112.0
1080.5050439019428,1136.0
1080.742768212169,1111.0
1080.9804827838434,1109.0
1081.2181876169393,1102.0
1081.4558827114315,1101.0
1081.6935680672932,1111.0
1081.931243684499,1117.0
1082.1689095630218,1114.0
1082.4065657028366,1137.0
1082.6442121039167,1126.0
1082.8818487662363,1149.0
1083.1194756897692,1125.0
1083.3570928744894,1106.0
1083.5947003203703,1106.0
1083.8322980273867,1115.0
1084.069885995512,1094.0
1084.3074642247202,1115.0
1084.5450327149854,1128.0
1084.782591466281,1125.0
1085.0201404785814,1118.0
1085.2576797518607,1128.0
1085.495209286092,1132.0
1085.73272908125,1110.0
1085.9702391373082,1091.0
1086.207739454241,1108.0
1086.4452300320218,1128.0
1086.6827108706245,1124.0
1086.9201819700238,1103.0
1087.1576433301923,1136.0
1087.3950949511052,1120.0
1087.632536832736,1124.0
1087.869968975058,1112.0
1088.1073913780458,1106.0
1088.3448040416731,1108.0
1088.582206965914,1123.0
1088.8196001507426,1122.0
1089.056983596132,1121.0
1089.294357302057,1116.0
1089.531721268491,1133.0
1089.769075495408,1097.0
1090.006419982782,1118.0
1090.243754730587,1115.0
1090.4810797387968,1127.0
1090.7183950073852,1114.0
1090.9557005363265,1107.0
1091.1929963255945,1097.0
1091.4302823751627,1116.0
1091.6675586850054,1096.0
1091.9048252550967,1123.0
1092.14208208541,1113.0
1092.3793291759196,1142.0
1092.6165665265992,1070.0
1092.853794137423,1083.0
1093.0910120083645,1110.0
1093.3282201393981,1116.0
1093.5654185304975,1096.0
1093.8026071816366,1112.0
1094.0397860927894,1103.0
1094.2769552639295,1118.0
1094.5141146950314,1097.0
1094.7512643860684,1126.0
1094.9884043370148,1129.0
1095.2255345478445,1133.0
1095.4626550185314,1105.0
1095.699765749049,1120.0
1095.936866739372,1116.0
1096.1739579894738,1121.0
1096.4110394993286,1110.0
1096.6481112689096,1129.0
1096.8851732981918,1115.0
1097.1222255871487,1123.0
1097.3592681357536,1102.0
1097.596300943981,1144.0
1097.8333240118054,1140.0
1098.0703373391996,1130.0
1098.3073409261378,1101.0
1098.5443347725945,1135.0
1098.781318878543,1125.0
1099.0182932439575,1131.0
1099.255257868812,1109.0
1099.4922127530801,1115.0
1099.729157896736,1116.0
1099.9660932997535,1121.0
1100.2030189621066,1102.0
1100.4399348837692,1113.0
1100.6768410647155,1127.0
1100.9137375049186,1134.0
1101.1506242043533,1084.0
1101.387501162993,1109.0
1101.6243683808113,1139.0
1101.8612258577834,1168.0
1102.0980735938822,1103.0
1102.3349115890817,1121.0
1102.5717398433558,1107.0
1102.8085583566788,1116.0
1103.0453671290243,1111.0
1103.2821661603664,1108.0
1103.518955450679,1120.0
1103.7557349999358,1129.0
1103.9925048081109,1081.0
1104.2292648751782,1121.0
1104.4660152011118,1112.0
1104.7027557858853,1118.0
1104.9394866294726,1100.0
1105.176207731848,1120.0
1105.4129190929852,1132.0
1105.649620712858,1124.0
1105.8863125914404,1100.0
1106.1229947287065,1109.0
1106.35966712463,1139.0
1106.596329779185,1137.0
1106.832982692345,1117.0
1107.0696258640846,1136.0
1107.3062592943775,1129.0
1107.542882983197,1140.0
1107.7794969305178,1112.0
1108.0161011363134,1131.0
1108.252695600558,1127.0
1108.4892803232249,1149.0
1108.7258553042889,1102.0
1108.9624205437235,1102.0
1109.1989760415024,1119.0
1109.4355217976,1142.0
1109.67205781199,1098.0
1109.908584084646,1120.0
1110.1451006155423,1121.0
1110.3816074046526,1131.0
1110.6181044519512,1089.0
1110.8545917574115,1111.0
1111.0910693210078,1117.0
1111.327537142714,1134.0
1111.563995222504,1104.0
1111.8004435603514,1124.0
1112.0368821562304,1133.0
1112.273311010115,1157.0
1112.509730121979,1109.0
1112.7461394917962,1135.0
1112.9825391195404,1134.0
1113.2189290051863,1115.0
1113.4553091487069,1112.0
1113.6916795500767,1110.0
1113.9280402092693,1115.0
1114.1643911262588,1126.0
1114.400732301019,1092.0
1114.637063733524,1116.0
1114.8733854237478,1121.0
1115.1096973716635,1136.0
1115.3459995772462,1124.0
1115.582292040469,1125.0
1115.8185747613063,1111.0
1116.0548477397315,1144.0
1116.291110975719,1100.0
1116.5273644692425,1109.0
1116.7636082202757,1117.0
1116.9998422287933,1116.0
1117.2360664947685,1090.0
1117.4722810181756,1117.0
1117.7084857989878,1122.0
1117.94468083718,1121.0
1118.1808661327257,1084.0
1118.4170416855989,1108.0
1118.653207495773,1124.0
1118.8893635632223,1137.0
1119.1255098879212,1102.0
1119.3616464698428,1130.0
1119.5977733089617,1129.0
1119.8338904052516,1124.0
1120.0699977586862,1107.0
1120.3060953692393,1105.0
1120.5421832368854,1112.0
